Date,Wsp_44m,Wsp_44m_std,ActPow,ActPow_std
2018-07-17 10:40:00,4.39173,0.875036,10.4617,25.2427
2018-07-17 10:50:00,4.39173,0.875036,10.4617,25.2427
2018-07-17 11:00:00,4.39173,0.875036,10.4617,25.2427
2018-07-17 11:10:00,4.39173,0.875036,10.4617,25.2427
2018-07-17 11:20:00,4.39173,0.875036,10.4617,25.2427
2018-07-17 11:30:00,4.39173,0.875036,10.4617,25.2427
2018-07-17 11:40:00,4.39173,0.875036,10.4617,25.2427
2018-07-17 11:50:00,5.3391,0.616122,66.0627,12.1621
2018-07-17 12:00:00,5.57083,0.609476,41.3931,49.0071
2018-07-17 12:10:00,4.72515,1.02747,0.0,0.0
2018-07-17 12:20:00,3.98933,0.80962,0.0,0.0
2018-07-17 12:30:00,4.79133,0.886099,0.0,0.0
2018-07-17 12:40:00,3.94186999999999,0.569048,0.0,0.0
2018-07-17 12:50:00,3.4561,0.483859,0.0,0.0
2018-07-17 13:00:00,3.95667,0.32163,0.0,0.0
2018-07-17 13:10:00,3.09499,0.480609,0.0,0.0
2018-07-17 13:20:00,2.70538,0.426052,0.0,0.0
2018-07-17 13:30:00,2.84525,0.419318,0.0,0.0
2018-07-17 13:40:00,2.16262,0.351482,0.0,0.0
2018-07-17 13:50:00,2.31617,0.473771,0.0,0.0
2018-07-17 14:00:00,2.97865,0.263746999999999,0.0,0.0
2018-07-17 14:10:00,2.21615,0.432303,0.0,0.0
2018-07-17 14:20:00,1.6319,0.425476,0.0,0.0
2018-07-17 14:30:00,1.07246,0.182664,0.0,0.0
2018-07-17 14:40:00,1.01769,0.224502,0.0,0.0
2018-07-17 14:50:00,1.63067,0.223725,0.0,0.0
2018-07-17 15:00:00,1.48195,0.204978,0.0,0.0
2018-07-17 15:10:00,1.07471,0.152291,0.0,0.0
2018-07-17 15:20:00,1.07471,0.152291,0.0,0.0
2018-07-17 15:30:00,1.24382,0.370251,0.0,0.0
2018-07-17 15:40:00,1.92465,0.281688999999999,0.0,0.0
2018-07-17 15:50:00,2.31121,0.189614,0.0,0.0
2018-07-17 16:00:00,3.03306,0.245691,0.0,0.0
2018-07-17 16:10:00,3.71825,0.253421,0.0,0.0
2018-07-17 16:20:00,5.40534,0.760423,0.0,0.0
2018-07-17 16:30:00,6.36276,0.326046,0.0,0.0
2018-07-17 16:40:00,5.17601999999999,0.496092,0.0,0.0
2018-07-17 16:50:00,4.57339,0.345585,0.0,0.0
2018-07-17 17:00:00,4.76773,0.424981,0.0,0.0
2018-07-17 17:10:00,4.17495,0.351524,0.0,0.0
2018-07-17 17:20:00,4.74444,0.337267999999999,0.0,0.0
2018-07-17 17:30:00,4.13413,0.749107,0.0,0.0
2018-07-17 17:40:00,3.07442,0.489839999999999,0.0,0.0
2018-07-17 17:50:00,2.92769,0.509125,0.0,0.0
2018-07-17 18:00:00,2.71163,0.543084,0.0,0.0
2018-07-17 18:10:00,1.60648,0.389386,0.0,0.0
2018-07-17 18:20:00,1.52749,0.298973,0.0,0.0
2018-07-17 18:30:00,1.7509,0.343221999999999,0.0,0.0
2018-07-17 18:40:00,2.34572,0.415714,0.0,0.0
2018-07-17 18:50:00,2.26547,0.260238,0.0,0.0
2018-07-17 19:00:00,2.55619,0.6375,0.0,0.0
2018-07-17 19:10:00,3.10137,0.297243,0.0,0.0
2018-07-17 19:20:00,2.71034,0.23875,0.0,0.0
2018-07-17 19:30:00,2.89199,0.21485,0.0,0.0
2018-07-17 19:40:00,3.24681,0.108477999999999,0.0,0.0
2018-07-17 19:50:00,3.36313,0.132042,0.0,0.0
2018-07-17 20:00:00,2.09042,0.525386999999999,0.0,0.0
2018-07-17 20:10:00,2.33062999999999,0.225826,0.0,0.0
2018-07-17 20:20:00,2.12970999999999,0.228846999999999,0.0,0.0
2018-07-17 20:30:00,2.28176,0.215242,0.0,0.0
2018-07-17 20:40:00,2.1203,0.279321999999999,0.0,0.0
2018-07-17 20:50:00,1.98684,0.279257,0.0,0.0
2018-07-17 21:00:00,2.36597,0.318291,0.0,0.0
2018-07-17 21:10:00,2.00902,0.2948,0.0,0.0
2018-07-17 21:20:00,2.68503,0.230352,0.0,0.0
2018-07-17 21:30:00,3.40971,0.44061,0.0,0.0
2018-07-17 21:40:00,3.36799,0.33536,0.0,0.0
2018-07-17 21:50:00,3.4491,0.378490999999999,0.0,0.0
2018-07-17 22:00:00,4.00874,0.425468,0.0,0.0
2018-07-17 22:10:00,4.18277,0.235319999999999,0.0,0.0
2018-07-17 22:20:00,3.97818,0.227398,0.0,0.0
2018-07-17 22:30:00,3.23723,0.35357,0.0,0.0
2018-07-17 22:40:00,2.40355999999999,0.327406,0.0,0.0
2018-07-17 22:50:00,2.60242,0.427994,0.0,0.0
2018-07-17 23:00:00,2.32455,0.278876,0.0,0.0
2018-07-17 23:10:00,2.28940999999999,0.296556,0.0,0.0
2018-07-17 23:20:00,2.29425,0.324866,0.0,0.0
2018-07-17 23:30:00,2.14645,0.355375,0.0,0.0
2018-07-17 23:40:00,1.90505999999999,0.302419999999999,0.0,0.0
2018-07-17 23:50:00,1.71655,0.290358,0.0,0.0
2018-07-18 00:00:00,1.30649,0.401427,0.0,0.0
2018-07-18 00:10:00,1.8065,0.317571999999999,0.0,0.0
2018-07-18 00:20:00,1.86296,0.377301999999999,0.0,0.0
2018-07-18 00:30:00,1.92527999999999,0.431997,0.0,0.0
2018-07-18 00:40:00,2.45352,0.367942,0.0,0.0
2018-07-18 00:50:00,2.78789,0.283776,0.0,0.0
2018-07-18 01:00:00,2.85449,0.366027,0.0,0.0
2018-07-18 01:10:00,2.62759,0.286582,0.0,0.0
2018-07-18 01:20:00,2.71454,0.375792,0.0,0.0
2018-07-18 01:30:00,2.04046,0.394559,0.0,0.0
2018-07-18 01:40:00,1.77659,0.292115,0.0,0.0
2018-07-18 01:50:00,1.62297999999999,0.175565,0.0,0.0
2018-07-18 02:00:00,1.8293,0.184654999999999,0.0,0.0
2018-07-18 02:10:00,2.14595,0.188442,0.0,0.0
2018-07-18 02:20:00,2.20646,0.255731,0.0,0.0
2018-07-18 02:30:00,1.8055,0.183774,0.0,0.0
2018-07-18 02:40:00,2.25752,0.291727,0.0,0.0
2018-07-18 02:50:00,2.45316,0.33411,0.0,0.0
2018-07-18 03:00:00,2.09827,0.209932999999999,0.0,0.0
2018-07-18 03:10:00,2.95337,0.343812,0.0,0.0
2018-07-18 03:20:00,3.60614,0.219282,0.0,0.0
2018-07-18 03:30:00,4.0309,0.369005,0.0,0.0
2018-07-18 03:40:00,5.31264,0.352751,0.0,0.0
2018-07-18 03:50:00,4.48082,0.306002,0.0,0.0
2018-07-18 04:00:00,3.90509,0.450793,0.0,0.0
2018-07-18 04:10:00,2.70525,0.379114,0.0,0.0
2018-07-18 04:20:00,2.15197,0.492851,0.0,0.0
2018-07-18 04:30:00,3.25054,0.444476,0.0,0.0
2018-07-18 04:40:00,3.14204,0.434943999999999,0.0,0.0
2018-07-18 04:50:00,2.67539,0.420984,0.0,0.0
2018-07-18 05:00:00,2.33622,0.590677999999999,0.0,0.0
2018-07-18 05:10:00,1.67015999999999,0.283896999999999,0.0,0.0
2018-07-18 05:20:00,2.66851,0.277994,0.0,0.0
2018-07-18 05:30:00,3.021,0.27405,0.0,0.0
2018-07-18 05:40:00,3.27899,0.262082,0.0,0.0
2018-07-18 05:50:00,3.7685,0.304379,0.0,0.0
2018-07-18 06:00:00,4.31830999999999,0.264996,0.0,0.0
2018-07-18 06:10:00,4.45825,0.214312,0.0,0.0
2018-07-18 06:20:00,5.82074,0.431537,0.0,0.0
2018-07-18 06:30:00,6.70646,0.205433,0.0,0.0
2018-07-18 06:40:00,7.05008999999999,0.238619,0.0,0.0
2018-07-18 06:50:00,6.61635,0.328043,0.0,0.0
2018-07-18 07:00:00,5.65523,0.422789,0.0,0.0
2018-07-18 07:10:00,4.77551999999999,0.380079,0.0,0.0
2018-07-18 07:20:00,4.02214,0.281669,0.0,0.0
2018-07-18 07:30:00,3.61721999999999,0.383714,0.0,0.0
2018-07-18 07:40:00,3.73995,0.251379,0.0,0.0
2018-07-18 07:50:00,4.42453,0.329843,0.0,0.0
2018-07-18 08:00:00,4.82698,0.315877,0.0,0.0
2018-07-18 08:10:00,4.62529,0.563566,0.0,0.0
2018-07-18 08:20:00,5.34873,0.558282,0.0,0.0
2018-07-18 08:30:00,5.41123,0.423212,0.0,0.0
2018-07-18 08:40:00,5.67924,0.361597,0.0,0.0
2018-07-18 08:50:00,5.90499,0.406219,0.0,0.0
2018-07-18 09:00:00,5.69696,0.42486,0.0,0.0
2018-07-18 09:10:00,5.37824,0.350557,0.0,0.0
2018-07-18 09:20:00,5.27109,0.347884,0.0,0.0
2018-07-18 09:30:00,5.49819,0.429253,0.0,0.0
2018-07-18 09:40:00,5.27168,0.405367,0.0,0.0
2018-07-18 09:50:00,4.89989,0.284001,0.0,0.0
2018-07-18 10:00:00,5.0061,0.315031,0.0,0.0
2018-07-18 10:10:00,4.61092,0.352248,0.0,0.0
2018-07-18 10:20:00,4.63894,0.386295,0.0,0.0
2018-07-18 10:30:00,4.78021,0.51713,0.0,0.0
2018-07-18 10:40:00,5.83679,0.35917,0.0,0.0
2018-07-18 10:50:00,5.7952,0.299141,0.0,0.0
2018-07-18 11:00:00,5.90053,0.32175,0.0,0.0
2018-07-18 11:10:00,5.69142,0.353646,0.0,0.0
2018-07-18 11:20:00,5.99209,0.427179,0.0,0.0
2018-07-18 11:30:00,6.23518,0.424518,0.0,0.0
2018-07-18 11:40:00,6.56736,0.530806,0.0,0.0
2018-07-18 11:50:00,7.02999,0.517366,0.0,0.0
2018-07-18 12:00:00,6.81815,0.450071,0.0,0.0
2018-07-18 12:10:00,6.71323,0.548002,0.0,0.0
2018-07-18 12:20:00,6.80495,0.434816,0.0,0.0
2018-07-18 12:30:00,6.67638,0.503663,0.0,0.0
2018-07-18 12:40:00,6.78796,0.469524,0.0,0.0
2018-07-18 12:50:00,7.26448999999999,0.490989,0.0,0.0
2018-07-18 13:00:00,7.80566,0.415676,0.0,0.0
2018-07-18 13:10:00,7.24733999999999,0.53515,0.0,0.0
2018-07-18 13:20:00,7.03813,0.749539,0.0,0.0
2018-07-18 13:30:00,6.94563999999999,0.465690999999999,0.0,0.0
2018-07-18 13:40:00,6.84801,0.623575,0.0,0.0
2018-07-18 13:50:00,6.6096,0.743145,0.0,0.0
2018-07-18 14:00:00,6.70304,0.621553,0.0,0.0
2018-07-18 14:10:00,6.87611999999999,0.489977999999999,0.0,0.0
2018-07-18 14:20:00,6.72663,0.471693,0.0,0.0
2018-07-18 14:30:00,6.13681,1.14854,0.0,0.0
2018-07-18 14:40:00,7.20326,0.680197,0.0,0.0
2018-07-18 14:50:00,6.80483999999999,0.834559,0.0,0.0
2018-07-18 15:00:00,6.81185,0.846052,0.0,0.0
2018-07-18 15:10:00,6.70541999999999,0.968505,0.0,0.0
2018-07-18 15:20:00,6.94464,0.799613,0.0,0.0
2018-07-18 15:30:00,7.44751,0.802005,0.0,0.0
2018-07-18 15:40:00,7.08738,0.889795999999999,0.0,0.0
2018-07-18 15:50:00,7.10129,0.953059,0.0,0.0
2018-07-18 16:00:00,7.68136,0.877475,0.0,0.0
2018-07-18 16:10:00,7.545,0.740763,0.0,0.0
2018-07-18 16:20:00,7.61417,0.823312,0.0,0.0
2018-07-18 16:30:00,7.70028,0.725741,0.0,0.0
2018-07-18 16:40:00,7.0774,0.902883,0.0,0.0
2018-07-18 16:50:00,7.68816,0.778238,0.0,0.0
2018-07-18 17:00:00,7.61906,0.686351,0.0,0.0
2018-07-18 17:10:00,7.15368999999999,0.818948,0.0,0.0
2018-07-18 17:20:00,7.21103,0.838146,0.0,0.0
2018-07-18 17:30:00,6.9186,0.871309,0.0,0.0
2018-07-18 17:40:00,6.96193999999999,0.87664,0.0,0.0
2018-07-18 17:50:00,5.98849,0.716292,0.0,0.0
2018-07-18 18:00:00,5.82397,0.70687,0.0,0.0
2018-07-18 18:10:00,6.08626,0.737001,0.0,0.0
2018-07-18 18:20:00,6.24144,0.665269,0.0,0.0
2018-07-18 18:30:00,5.84054,0.608598,0.0,0.0
2018-07-18 18:40:00,6.28391999999999,0.75049,0.0,0.0
2018-07-18 18:50:00,5.94054,0.616237,0.0,0.0
2018-07-18 19:00:00,4.48955,0.532077,0.0,0.0
2018-07-18 19:10:00,4.9685,0.64289,0.0,0.0
2018-07-18 19:20:00,4.81461,0.586093,0.0,0.0
2018-07-18 19:30:00,5.51233,0.553758,0.0,0.0
2018-07-18 19:40:00,6.59843,0.427987,0.0,0.0
2018-07-18 19:50:00,6.86057,0.706387,0.0,0.0
2018-07-18 20:00:00,6.29809,0.878203,0.0,0.0
2018-07-18 20:10:00,6.41796,0.739289,0.0,0.0
2018-07-18 20:20:00,5.97744,0.752129,0.0,0.0
2018-07-18 20:30:00,6.1983,0.845229,0.0,0.0
2018-07-18 20:40:00,6.48003,0.899984,0.0,0.0
2018-07-18 20:50:00,6.9131,1.21719,0.0,0.0
2018-07-18 21:00:00,7.637,0.870795,0.0,0.0
2018-07-18 21:10:00,7.31095,1.15699,0.0,0.0
2018-07-18 21:20:00,7.37799999999999,0.88966,0.0,0.0
2018-07-18 21:30:00,7.40421,0.9872,0.0,0.0
2018-07-18 21:40:00,8.61803,1.09677999999999,0.0,0.0
2018-07-18 21:50:00,7.22728999999999,1.3365,0.0,0.0
2018-07-18 22:00:00,7.53755,1.16646,0.0,0.0
2018-07-18 22:10:00,7.59936,1.36127999999999,0.0,0.0
2018-07-18 22:20:00,7.23513,1.06061,0.0,0.0
2018-07-18 22:30:00,6.94453999999999,1.06346,0.0,0.0
2018-07-18 22:40:00,8.06355,1.18061,0.0,0.0
2018-07-18 22:50:00,8.78227,1.16831,0.0,0.0
2018-07-18 23:00:00,8.79221,1.06224,0.0,0.0
2018-07-18 23:10:00,8.96089,1.14903,0.0,0.0
2018-07-18 23:20:00,8.16418,1.13638,0.0,0.0
2018-07-18 23:30:00,8.67483,1.2437,0.0,0.0
2018-07-18 23:40:00,7.67559,0.922852,0.0,0.0
2018-07-18 23:50:00,8.57343,0.973487,0.0,0.0
2018-07-19 00:00:00,7.44876,0.938338999999999,0.0,0.0
2018-07-19 00:10:00,7.78318999999999,1.18084,0.0,0.0
2018-07-19 00:20:00,8.31888,1.11197,0.0,0.0
2018-07-19 00:30:00,8.45695,1.01993,0.0,0.0
2018-07-19 00:40:00,7.83115,0.923855999999999,0.0,0.0
2018-07-19 00:50:00,7.03407,1.29111,0.0,0.0
2018-07-19 01:00:00,7.26281,0.865533,0.0,0.0
2018-07-19 01:10:00,6.86455,0.884302,0.0,0.0
2018-07-19 01:20:00,6.01803,0.830117,0.0,0.0
2018-07-19 01:30:00,6.44325999999999,0.809101,0.0,0.0
2018-07-19 01:40:00,6.3614,0.801272,0.0,0.0
2018-07-19 01:50:00,6.3614,0.801272,0.0,0.0
2018-07-19 02:00:00,6.43027,0.875047999999999,0.0,0.0
2018-07-19 02:10:00,7.24191,0.693932,0.0,0.0
2018-07-19 02:20:00,6.81945,0.904029,0.0,0.0
2018-07-19 02:30:00,6.09064,0.964403,0.0,0.0
2018-07-19 02:40:00,6.27966,0.913639,0.0,0.0
2018-07-19 02:50:00,6.7426,0.837097,0.0,0.0
2018-07-19 03:00:00,7.33529,0.589708,0.0,0.0
2018-07-19 03:10:00,7.19935,0.867016,0.0,0.0
2018-07-19 03:20:00,6.93388999999999,0.692114999999999,0.0,0.0
2018-07-19 03:30:00,7.80953999999999,0.707243,0.0,0.0
2018-07-19 03:40:00,7.83813999999999,0.821873,0.0,0.0
2018-07-19 03:50:00,7.7761,0.740114,0.0,0.0
2018-07-19 04:00:00,7.57907,0.775497999999999,0.0,0.0
2018-07-19 04:10:00,7.6348,0.756592,0.0,0.0
2018-07-19 04:20:00,7.5483,0.623217,0.0,0.0
2018-07-19 04:30:00,8.04167,0.690217,0.0,0.0
2018-07-19 04:40:00,7.9717,0.714446,0.0,0.0
2018-07-19 04:50:00,7.95583999999999,0.817448,0.0,0.0
2018-07-19 05:00:00,7.75558,0.869837999999999,0.0,0.0
2018-07-19 05:10:00,8.07683,0.829059,0.0,0.0
2018-07-19 05:20:00,8.31128,0.640174,0.0,0.0
2018-07-19 05:30:00,8.09496,0.926195,0.0,0.0
2018-07-19 05:40:00,8.04969,0.881201,0.0,0.0
2018-07-19 05:50:00,8.07621,1.02827999999999,0.0,0.0
2018-07-19 06:00:00,7.96353,1.04399,0.0,0.0
2018-07-19 06:10:00,7.95954,0.748131,0.0,0.0
2018-07-19 06:20:00,7.85636,1.08222,0.0,0.0
2018-07-19 06:30:00,8.28926,0.936259,0.0,0.0
2018-07-19 06:40:00,8.69095,0.867331,0.0,0.0
2018-07-19 06:50:00,8.89534,0.941408,0.0,0.0
2018-07-19 07:00:00,8.91861999999999,1.01639,0.0,0.0
2018-07-19 07:10:00,8.4354,1.28867999999999,0.0,0.0
2018-07-19 07:20:00,8.17983999999999,1.1128,0.0,0.0
2018-07-19 07:30:00,8.60421,0.864633,0.0,0.0
2018-07-19 07:40:00,8.47551,1.06802,0.0,0.0
2018-07-19 07:50:00,8.42735,0.723532,0.0,0.0
2018-07-19 08:00:00,8.65603,0.872599,0.0,0.0
2018-07-19 08:10:00,8.5154,0.66551,0.0,0.0
2018-07-19 08:20:00,8.9533,0.691265999999999,0.0,0.0
2018-07-19 08:30:00,8.70695,0.576184,0.0,0.0
2018-07-19 08:40:00,7.8498,0.81195,0.0,0.0
2018-07-19 08:50:00,8.2431,0.624445,0.0,0.0
2018-07-19 09:00:00,7.5596,0.785322,0.0,0.0
2018-07-19 09:10:00,7.20816,0.869804999999999,0.0,0.0
2018-07-19 09:20:00,7.39401,0.854904,0.0,0.0
2018-07-19 09:30:00,7.36035,0.668149,0.0,0.0
2018-07-19 09:40:00,6.95118999999999,0.786097,0.0,0.0
2018-07-19 09:50:00,7.36926999999999,0.787406,0.0,0.0
2018-07-19 10:00:00,6.94206,0.835443,0.0,0.0
2018-07-19 10:10:00,6.89035,0.740677,0.0,0.0
2018-07-19 10:20:00,6.23799999999999,0.9069,0.0,0.0
2018-07-19 10:30:00,6.29971,0.626184,0.0,0.0
2018-07-19 10:40:00,6.09776,0.955145999999999,0.0,0.0
2018-07-19 10:50:00,6.14531,0.835967,0.0,0.0
2018-07-19 11:00:00,5.74133,0.850981,0.0,0.0
2018-07-19 11:10:00,5.97157,0.61048,0.0,0.0
2018-07-19 11:20:00,5.86051,0.614377,0.0,0.0
2018-07-19 11:30:00,5.95785,0.648771,0.0,0.0
2018-07-19 11:40:00,5.5602,0.746926,0.0,0.0
2018-07-19 11:50:00,5.31905999999999,0.564416,0.0,0.0
2018-07-19 12:00:00,5.29738,0.644159,0.0,0.0
2018-07-19 12:10:00,5.62672,0.810381,0.0,0.0
2018-07-19 12:20:00,5.25429,0.550389999999999,0.0,0.0
2018-07-19 12:30:00,5.34708,0.489777,0.0,0.0
2018-07-19 12:40:00,5.66067,0.577156,0.0,0.0
2018-07-19 12:50:00,4.99607,0.647255,0.0,0.0
2018-07-19 13:00:00,4.654,0.605517,0.0,0.0
2018-07-19 13:10:00,4.95808,0.652544,0.0,0.0
2018-07-19 13:20:00,4.5946,0.595015,0.0,0.0
2018-07-19 13:30:00,4.45719,0.847211,0.0,0.0
2018-07-19 13:40:00,4.223,0.538568,0.0,0.0
2018-07-19 13:50:00,4.63817,0.481418,0.0,0.0
2018-07-19 14:00:00,4.90348,0.484735,0.0,0.0
2018-07-19 14:10:00,4.44515,0.646752,0.0,0.0
2018-07-19 14:20:00,4.1168,0.813635,0.0,0.0
2018-07-19 14:30:00,4.06037,0.677883,0.0,0.0
2018-07-19 14:40:00,4.59516,0.521734,0.0,0.0
2018-07-19 14:50:00,4.28085,0.473859,0.0,0.0
2018-07-19 15:00:00,4.13455,0.434022,0.0,0.0
2018-07-19 15:10:00,4.35798,0.367965,0.0,0.0
2018-07-19 15:20:00,4.41655,0.588648,0.0,0.0
2018-07-19 15:30:00,3.44246999999999,0.419675,0.0,0.0
2018-07-19 15:40:00,4.34449,0.356788999999999,0.0,0.0
2018-07-19 15:50:00,4.61638,0.512398999999999,0.0,0.0
2018-07-19 16:00:00,4.20209,0.561447,0.0,0.0
2018-07-19 16:10:00,4.40535,0.503556999999999,0.0,0.0
2018-07-19 16:20:00,4.94532,0.51646,0.0,0.0
2018-07-19 16:30:00,4.24665999999999,0.559174,0.0,0.0
2018-07-19 16:40:00,4.43384,0.39904,0.0,0.0
2018-07-19 16:50:00,4.38169,0.656122,0.0,0.0
2018-07-19 17:00:00,4.92775,0.494544,0.0,0.0
2018-07-19 17:10:00,4.75566999999999,0.529617,0.0,0.0
2018-07-19 17:20:00,4.12935,0.812319999999999,0.0,0.0
2018-07-19 17:30:00,4.15111,0.482869999999999,0.0,0.0
2018-07-19 17:40:00,3.95178,0.784436999999999,0.0,0.0
2018-07-19 17:50:00,3.38619,0.395458,0.0,0.0
2018-07-19 18:00:00,3.94251,0.299194,0.0,0.0
2018-07-19 18:10:00,3.84611999999999,0.320361,0.0,0.0
2018-07-19 18:20:00,3.6617,0.366023,0.0,0.0
2018-07-19 18:30:00,3.88664,0.381702,0.0,0.0
2018-07-19 18:40:00,3.80775,0.41162,0.0,0.0
2018-07-19 18:50:00,3.85848,0.479971,0.0,0.0
2018-07-19 19:00:00,3.8914,0.342067,0.0,0.0
2018-07-19 19:10:00,4.57691,0.594822,0.0,0.0
2018-07-19 19:20:00,4.32069,0.337808,0.0,0.0
2018-07-19 19:30:00,3.90418,0.334487,0.0,0.0
2018-07-19 19:40:00,3.7822,0.413926,0.0,0.0
2018-07-19 19:50:00,3.90463,0.400097,0.0,0.0
2018-07-19 20:00:00,3.86487,0.433638,0.0,0.0
2018-07-19 20:10:00,4.39896,0.399015,0.0,0.0
2018-07-19 20:20:00,4.04366,0.369662,0.0,0.0
2018-07-19 20:30:00,3.18309,0.382524,0.0,0.0
2018-07-19 20:40:00,3.13914,0.381873,0.0,0.0
2018-07-19 20:50:00,3.41214,0.386056,0.0,0.0
2018-07-19 21:00:00,3.11806,0.533141,0.0,0.0
2018-07-19 21:10:00,2.89534,0.377134,0.0,0.0
2018-07-19 21:20:00,3.00982,0.300925,0.0,0.0
2018-07-19 21:30:00,2.9712,0.406038,0.0,0.0
2018-07-19 21:40:00,3.00382,0.461735,0.0,0.0
2018-07-19 21:50:00,2.69439,0.473298999999999,0.0,0.0
2018-07-19 22:00:00,2.61895,0.58266,0.0,0.0
2018-07-19 22:10:00,2.4599,0.326838,0.0,0.0
2018-07-19 22:20:00,1.63651,0.203497,0.0,0.0
2018-07-19 22:30:00,1.56754,0.285292,0.0,0.0
2018-07-19 22:40:00,2.10295,0.447356,0.0,0.0
2018-07-19 22:50:00,2.15352,0.482639,0.0,0.0
2018-07-19 23:00:00,2.25068,0.359057,0.0,0.0
2018-07-19 23:10:00,2.94585,0.482397,0.0,0.0
2018-07-19 23:20:00,2.61442,0.635212,0.0,0.0
2018-07-19 23:30:00,5.5016,1.25177,0.0,0.0
2018-07-19 23:40:00,5.20634,0.821055999999999,0.0,0.0
2018-07-19 23:50:00,5.63584,0.753972,0.0,0.0
2018-07-20 00:00:00,6.12922,0.916666,0.0,0.0
2018-07-20 00:10:00,5.59923,0.795868999999999,0.0,0.0
2018-07-20 00:20:00,6.19809,0.897811,0.0,0.0
2018-07-20 00:30:00,5.8669,0.792223,0.0,0.0
2018-07-20 00:40:00,5.29578,0.665123999999999,0.0,0.0
2018-07-20 00:50:00,5.36455,0.809764,0.0,0.0
2018-07-20 01:00:00,5.89596,0.556698999999999,0.0,0.0
2018-07-20 01:10:00,6.03411,0.604962,0.0,0.0
2018-07-20 01:20:00,6.47399,0.641193999999999,0.0,0.0
2018-07-20 01:30:00,5.53063,0.762768999999999,0.0,0.0
2018-07-20 01:40:00,5.60509,0.56166,0.0,0.0
2018-07-20 01:50:00,5.36238,0.49155,0.0,0.0
2018-07-20 02:00:00,5.72734,0.367219,0.0,0.0
2018-07-20 02:10:00,6.48713,0.489535,0.0,0.0
2018-07-20 02:20:00,6.82569,0.503502,0.0,0.0
2018-07-20 02:30:00,6.97141999999999,0.450547999999999,0.0,0.0
2018-07-20 02:40:00,6.33637,0.583268999999999,0.0,0.0
2018-07-20 02:50:00,6.1816,0.400578,0.0,0.0
2018-07-20 03:00:00,5.82867,0.51115,0.0,0.0
2018-07-20 03:10:00,5.71553,0.47546,0.0,0.0
2018-07-20 03:20:00,5.83671,0.486766,0.0,0.0
2018-07-20 03:30:00,6.41296,0.426934,0.0,0.0
2018-07-20 03:40:00,6.31895,0.559026,0.0,0.0
2018-07-20 03:50:00,5.95467,0.521577,0.0,0.0
2018-07-20 04:00:00,5.98884,0.474857,0.0,0.0
2018-07-20 04:10:00,5.82768,0.5099,0.0,0.0
2018-07-20 04:20:00,6.13546,0.490567,0.0,0.0
2018-07-20 04:30:00,6.19991,0.42321,0.0,0.0
2018-07-20 04:40:00,6.14216,0.534301,0.0,0.0
2018-07-20 04:50:00,5.6275,0.737132,0.0,0.0
2018-07-20 05:00:00,5.74787,0.543411,0.0,0.0
2018-07-20 05:10:00,6.0559,0.407076,0.0,0.0
2018-07-20 05:20:00,6.34411999999999,0.633826,0.0,0.0
2018-07-20 05:30:00,6.03331,0.543766,0.0,0.0
2018-07-20 05:40:00,5.84728,0.663202,0.0,0.0
2018-07-20 05:50:00,5.5059,0.509898,0.0,0.0
2018-07-20 06:00:00,3.82725,0.481726,0.0,0.0
2018-07-20 06:10:00,4.1976,0.462585,0.0,0.0
2018-07-20 06:20:00,3.77948,0.580468,0.0,0.0
2018-07-20 06:30:00,3.86751,0.539504,0.0,0.0
2018-07-20 06:40:00,4.29421,0.505352999999999,0.0,0.0
2018-07-20 06:50:00,4.69028,0.692302,0.0,0.0
2018-07-20 07:00:00,5.48705,0.703769,0.0,0.0
2018-07-20 07:10:00,5.19319,0.566674,0.0,0.0
2018-07-20 07:20:00,4.91038,0.573472,0.0,0.0
2018-07-20 07:30:00,5.22219,0.535209,0.0,0.0
2018-07-20 07:40:00,5.42322,0.757265,0.0,0.0
2018-07-20 07:50:00,5.7401,0.600017,0.0,0.0
2018-07-20 08:00:00,6.17674,0.731336,0.0,0.0
2018-07-20 08:10:00,5.23602,0.628671,0.0,0.0
2018-07-20 08:20:00,6.12499,0.679953,0.0,0.0
2018-07-20 08:30:00,5.31049,0.610012,0.0,0.0
2018-07-20 08:40:00,6.05709,0.748698,0.0,0.0
2018-07-20 08:50:00,6.05709,0.748698,0.0,0.0
2018-07-20 09:00:00,6.11819,0.819504999999999,0.0,0.0
2018-07-20 09:10:00,5.59693,0.637422,0.0,0.0
2018-07-20 09:20:00,5.8029,0.713812,0.0,0.0
2018-07-20 09:30:00,5.19885,0.707072,0.0,0.0
2018-07-20 09:40:00,5.63483,0.62896,0.0,0.0
2018-07-20 09:50:00,5.11491,0.708494,0.0,0.0
2018-07-20 10:00:00,6.04763,0.669136,0.0,0.0
2018-07-20 10:10:00,5.87426,0.89376,0.0,0.0
2018-07-20 10:20:00,6.21075,1.07752,0.0,0.0
2018-07-20 10:30:00,6.38435,0.694757,0.0,0.0
2018-07-20 10:40:00,6.31809,0.68742,0.0,0.0
2018-07-20 10:50:00,6.49071,0.630366,0.0,0.0
2018-07-20 11:00:00,6.31205,0.59842,0.0,0.0
2018-07-20 11:10:00,6.38424,0.480335,0.0,0.0
2018-07-20 11:20:00,6.18629,0.734304,0.0,0.0
2018-07-20 11:30:00,5.66614,0.612332,0.0,0.0
2018-07-20 11:40:00,6.09411999999999,0.708493,46.6677,48.8633
2018-07-20 11:50:00,6.09411999999999,0.708493,46.6677,48.8633
2018-07-20 12:00:00,5.58071999999999,0.992987,87.7871,43.2367
2018-07-20 12:10:00,5.47110999999999,0.932517,80.0989999999999,41.9436
2018-07-20 12:20:00,6.25071,0.740376,129.192999999999,38.228
2018-07-20 12:30:00,5.68975,0.58322,86.0777,28.045
2018-07-20 12:40:00,5.37221,0.756743,77.5721,37.282
2018-07-20 12:50:00,5.80415999999999,0.984947999999999,98.5989,46.4688
2018-07-20 13:00:00,5.40973,0.920327,88.0419,43.7795
2018-07-20 13:10:00,4.77873,0.642879,66.4786,20.3022
2018-07-20 13:20:00,5.44108,0.722418999999999,81.4039,31.0276
2018-07-20 13:30:00,6.37495,0.785662,128.168999999999,39.54
2018-07-20 13:40:00,5.83371,0.602021,94.4807,25.7567
2018-07-20 13:50:00,5.35065,0.549734,79.7906,22.947
2018-07-20 14:00:00,5.33591,0.888576,79.914,39.0896
2018-07-20 14:10:00,5.57016,0.858838999999999,91.084,38.868
2018-07-20 14:20:00,4.96244,0.721761,64.1469,36.5774
2018-07-20 14:30:00,6.09495999999999,1.12389,143.661,77.0034
2018-07-20 14:40:00,6.97872,0.873379,133.918999999999,44.1932
2018-07-20 14:50:00,6.10292,0.917773,125.582,47.7308
2018-07-20 15:00:00,6.36532,0.656967,130.452,39.0591
2018-07-20 15:10:00,6.21505,0.957145,115.916,42.4589
2018-07-20 15:20:00,6.48021,0.955448,140.566,62.2624
2018-07-20 15:30:00,6.32935999999999,0.764875,136.77,54.3728
2018-07-20 15:40:00,6.057,0.783959,11.0878,24.9979
2018-07-20 15:50:00,6.6094,0.817927,0.0,0.0
2018-07-20 16:00:00,6.38097,0.873175,0.0,0.0
2018-07-20 16:10:00,6.25313,0.858297,0.0,0.0
2018-07-20 16:20:00,6.57026,0.817634,0.0,0.0
2018-07-20 16:30:00,6.19215,0.791395,0.0,0.0
2018-07-20 16:40:00,5.72671,0.607298,0.0,0.0
2018-07-20 16:50:00,6.27677,0.734099,0.0,0.0
2018-07-20 17:00:00,6.18443,0.823842,0.0,0.0
2018-07-20 17:10:00,5.26913,0.724499,0.0,0.0
2018-07-20 17:20:00,5.60893,0.505437,0.0,0.0
2018-07-20 17:30:00,5.78624,0.775684,0.0,0.0
2018-07-20 17:40:00,5.96301,0.743594,0.0,0.0
2018-07-20 17:50:00,6.10885,0.768068,0.0,0.0
2018-07-20 18:00:00,6.13174,0.711867,0.0,0.0
2018-07-20 18:10:00,5.9695,0.696843999999999,0.0,0.0
2018-07-20 18:20:00,5.92962,0.484301,0.0,0.0
2018-07-20 18:30:00,5.36086999999999,0.607222,0.0,0.0
2018-07-20 18:40:00,5.08204,0.448839,0.0,0.0
2018-07-20 18:50:00,4.79914,0.646675,0.0,0.0
2018-07-20 19:00:00,4.59826,0.55218,0.0,0.0
2018-07-20 19:10:00,4.68783,0.463706,0.0,0.0
2018-07-20 19:20:00,4.68678,0.484531999999999,0.0,0.0
2018-07-20 19:30:00,4.27502,0.520949,0.0,0.0
2018-07-20 19:40:00,3.71056999999999,0.480485999999999,0.0,0.0
2018-07-20 19:50:00,3.97498,0.588124,0.0,0.0
2018-07-20 20:00:00,4.37936,0.629139,0.0,0.0
2018-07-20 20:10:00,4.36981,0.544513,0.0,0.0
2018-07-20 20:20:00,3.75668,0.514892,0.0,0.0
2018-07-20 20:30:00,3.79628,0.516007,0.0,0.0
2018-07-20 20:40:00,4.14342,0.420188,0.0,0.0
2018-07-20 20:50:00,3.91869,0.474862,0.0,0.0
2018-07-20 21:00:00,3.96719,0.315804,0.0,0.0
2018-07-20 21:10:00,3.61275999999999,0.44367,0.0,0.0
2018-07-20 21:20:00,3.82758,0.467599,0.0,0.0
2018-07-20 21:30:00,3.1452,0.43621,0.0,0.0
2018-07-20 21:40:00,3.25919,0.379538999999999,0.0,0.0
2018-07-20 21:50:00,3.30905999999999,0.327567999999999,0.0,0.0
2018-07-20 22:00:00,3.54925,0.26697,0.0,0.0
2018-07-20 22:10:00,3.17968,0.301613,0.0,0.0
2018-07-20 22:20:00,3.30597,0.374103,0.0,0.0
2018-07-20 22:30:00,3.62969,0.193399,0.0,0.0
2018-07-20 22:40:00,3.66031,0.274635,0.0,0.0
2018-07-20 22:50:00,3.66261999999999,0.300282999999999,0.0,0.0
2018-07-20 23:00:00,3.95198,0.314951,0.0,0.0
2018-07-20 23:10:00,3.53989,0.460521,0.0,0.0
2018-07-20 23:20:00,3.43252,0.235115,0.0,0.0
2018-07-20 23:30:00,3.27765,0.202221,0.0,0.0
2018-07-20 23:40:00,3.31688,0.208438,0.0,0.0
2018-07-20 23:50:00,2.92910999999999,0.287231,0.0,0.0
2018-07-21 00:00:00,2.66155,0.252096999999999,0.0,0.0
2018-07-21 00:10:00,2.33184,0.251745,0.0,0.0
2018-07-21 00:20:00,2.19103,0.188814,0.0,0.0
2018-07-21 00:30:00,2.41111,0.223163,0.0,0.0
2018-07-21 00:40:00,2.78454,0.238817999999999,0.0,0.0
2018-07-21 00:50:00,3.14245,0.289063,0.0,0.0
2018-07-21 01:00:00,3.26669,0.292164,0.0,0.0
2018-07-21 01:10:00,3.50478,0.268279,0.0,0.0
2018-07-21 01:20:00,3.86115,0.46475,0.0,0.0
2018-07-21 01:30:00,4.28981,0.354063,0.0,0.0
2018-07-21 01:40:00,4.17179,0.397128,0.0,0.0
2018-07-21 01:50:00,4.63053,0.554293,0.0,0.0
2018-07-21 02:00:00,4.81816,0.631664999999999,0.0,0.0
2018-07-21 02:10:00,3.70505,0.563994,0.0,0.0
2018-07-21 02:20:00,3.67644,0.306899,0.0,0.0
2018-07-21 02:30:00,3.86025,0.284467,0.0,0.0
2018-07-21 02:40:00,3.50994,0.281726,0.0,0.0
2018-07-21 02:50:00,2.74032999999999,0.296187,0.0,0.0
2018-07-21 03:00:00,2.62778,0.187299,0.0,0.0
2018-07-21 03:10:00,2.67125999999999,0.208885,0.0,0.0
2018-07-21 03:20:00,2.62541,0.153615,0.0,0.0
2018-07-21 03:30:00,2.53068,0.212832,0.0,0.0
2018-07-21 03:40:00,2.36955,0.154760999999999,0.0,0.0
2018-07-21 03:50:00,2.31855999999999,0.127237,0.0,0.0
2018-07-21 04:00:00,2.52326,0.165616,0.0,0.0
2018-07-21 04:10:00,2.71886,0.209781,0.0,0.0
2018-07-21 04:20:00,2.79782,0.215788,0.0,0.0
2018-07-21 04:30:00,2.90187,0.190512,0.0,0.0
2018-07-21 04:40:00,3.21375,0.182941,0.0,0.0
2018-07-21 04:50:00,2.86571,0.240225,0.0,0.0
2018-07-21 05:00:00,2.96883,0.195559999999999,0.0,0.0
2018-07-21 05:10:00,3.09571,0.218038,0.0,0.0
2018-07-21 05:20:00,3.16522999999999,0.300342999999999,0.0,0.0
2018-07-21 05:30:00,3.04792,0.328119999999999,0.0,0.0
2018-07-21 05:40:00,2.89246,0.318026,0.0,0.0
2018-07-21 05:50:00,2.59629,0.273376,0.0,0.0
2018-07-21 06:00:00,2.48405,0.364506,0.0,0.0
2018-07-21 06:10:00,3.06943,0.431339,0.0,0.0
2018-07-21 06:20:00,3.17568,0.359598,0.0,0.0
2018-07-21 06:30:00,2.93440999999999,0.545025,0.0,0.0
2018-07-21 06:40:00,2.8379,0.374317,0.0,0.0
2018-07-21 06:50:00,2.76124,0.439291,0.0,0.0
2018-07-21 07:00:00,3.80686999999999,0.427383,0.0,0.0
2018-07-21 07:10:00,3.47091999999999,0.33526,0.0,0.0
2018-07-21 07:20:00,3.32281,0.451527,0.0,0.0
2018-07-21 07:30:00,3.01342,0.378316,0.0,0.0
2018-07-21 07:40:00,3.10495999999999,0.357748,0.0,0.0
2018-07-21 07:50:00,3.29607,0.36975,0.0,0.0
2018-07-21 08:00:00,3.24399999999999,0.466883,0.0,0.0
2018-07-21 08:10:00,3.82179,0.39031,0.0,0.0
2018-07-21 08:20:00,3.43241999999999,0.374664,0.0,0.0
2018-07-21 08:30:00,3.15956,0.455972999999999,0.0,0.0
2018-07-21 08:40:00,3.11648,0.359909,0.0,0.0
2018-07-21 08:50:00,3.10399,0.421259,0.0,0.0
2018-07-21 09:00:00,2.79948,0.330043,0.0,0.0
2018-07-21 09:10:00,2.59019,0.497072,0.0,0.0
2018-07-21 09:20:00,2.5777,0.362714,0.0,0.0
2018-07-21 09:30:00,3.87746999999999,0.576497,0.0,0.0
2018-07-21 09:40:00,3.98320999999999,0.320269,0.0,0.0
2018-07-21 09:50:00,3.81901,0.338549,0.0,0.0
2018-07-21 10:00:00,4.07253,0.49105,0.0,0.0
2018-07-21 10:10:00,4.193,0.409257,0.0,0.0
2018-07-21 10:20:00,3.63936999999999,0.440702,0.0,0.0
2018-07-21 10:30:00,3.9716,0.654571,0.0,0.0
2018-07-21 10:40:00,4.52131999999999,0.624931,0.0,0.0
2018-07-21 10:50:00,4.85992,0.487535,0.0,0.0
2018-07-21 11:00:00,4.78824,0.374819,0.0,0.0
2018-07-21 11:10:00,5.16943,0.500147,0.0,0.0
2018-07-21 11:20:00,5.21936,0.509794,0.0,0.0
2018-07-21 11:30:00,5.64865,0.480717,0.0,0.0
2018-07-21 11:40:00,5.77909,0.700905,0.0,0.0
2018-07-21 11:50:00,6.289,0.630257,0.0,0.0
2018-07-21 12:00:00,4.95262,0.72858,0.0,0.0
2018-07-21 12:10:00,5.06276999999999,0.741449,0.0,0.0
2018-07-21 12:20:00,4.27971999999999,0.592629,0.0,0.0
2018-07-21 12:30:00,5.08761999999999,0.718475,0.0,0.0
2018-07-21 12:40:00,5.32596,0.5483,0.0,0.0
2018-07-21 12:50:00,5.65276999999999,0.580241,0.0,0.0
2018-07-21 13:00:00,5.39915,0.655064,0.0,0.0
2018-07-21 13:10:00,4.26166,0.487666,0.0,0.0
2018-07-21 13:20:00,5.44899,0.588755,0.0,0.0
2018-07-21 13:30:00,4.81404,0.599255,0.0,0.0
2018-07-21 13:40:00,4.62982,0.452281999999999,0.0,0.0
2018-07-21 13:50:00,4.41749,0.482203,0.0,0.0
2018-07-21 14:00:00,5.51277,0.58739,0.0,0.0
2018-07-21 14:10:00,5.82592,0.440131999999999,0.0,0.0
2018-07-21 14:20:00,5.2751,0.566906,0.0,0.0
2018-07-21 14:30:00,5.01398,0.523668999999999,0.0,0.0
2018-07-21 14:40:00,4.90182,0.625242,0.0,0.0
2018-07-21 14:50:00,4.92884,0.52143,0.0,0.0
2018-07-21 15:00:00,5.04746,0.494716,0.0,0.0
2018-07-21 15:10:00,5.0721,0.47024,0.0,0.0
2018-07-21 15:20:00,5.10284,0.489677,0.0,0.0
2018-07-21 15:30:00,5.075,0.728855,0.0,0.0
2018-07-21 15:40:00,5.32758,0.664246,0.0,0.0
2018-07-21 15:50:00,5.85877,0.771836,0.0,0.0
2018-07-21 16:00:00,5.46802,0.684143,0.0,0.0
2018-07-21 16:10:00,5.71061,0.581789999999999,0.0,0.0
2018-07-21 16:20:00,5.71411,0.931901,0.0,0.0
2018-07-21 16:30:00,5.59336999999999,1.12614,0.0,0.0
2018-07-21 16:40:00,6.31305,0.72648,0.0,0.0
2018-07-21 16:50:00,5.92045,0.499169,0.0,0.0
2018-07-21 17:00:00,5.65257,0.515675,0.0,0.0
2018-07-21 17:10:00,5.51845,0.820141,0.0,0.0
2018-07-21 17:20:00,5.88478,0.409934,0.0,0.0
2018-07-21 17:30:00,5.6713,0.448641,0.0,0.0
2018-07-21 17:40:00,5.57435999999999,0.438556,0.0,0.0
2018-07-21 17:50:00,5.55799,0.553615,0.0,0.0
2018-07-21 18:00:00,5.55463,0.319365,0.0,0.0
2018-07-21 18:10:00,5.01133,0.384863,0.0,0.0
2018-07-21 18:20:00,4.8671,0.40396,0.0,0.0
2018-07-21 18:30:00,5.05106,0.570801,0.0,0.0
2018-07-21 18:40:00,4.38525,0.273244,0.0,0.0
2018-07-21 18:50:00,3.74134,0.240052,0.0,0.0
2018-07-21 19:00:00,3.76635,0.206684999999999,0.0,0.0
2018-07-21 19:10:00,3.57193,0.398402,0.0,0.0
2018-07-21 19:20:00,3.57105999999999,0.295482,0.0,0.0
2018-07-21 19:30:00,3.46129,0.314282,0.0,0.0
2018-07-21 19:40:00,3.12452,0.189865,0.0,0.0
2018-07-21 19:50:00,2.65345,0.236485,0.0,0.0
2018-07-21 20:00:00,2.30326,0.227221,0.0,0.0
2018-07-21 20:10:00,2.52947,0.496252,0.0,0.0
2018-07-21 20:20:00,2.824,0.440235999999999,0.0,0.0
2018-07-21 20:30:00,3.33245999999999,0.280383,0.0,0.0
2018-07-21 20:40:00,4.03388,0.398854,0.0,0.0
2018-07-21 20:50:00,3.77817,0.382745,0.0,0.0
2018-07-21 21:00:00,2.8443,0.187401,0.0,0.0
2018-07-21 21:10:00,3.52934,0.173349,0.0,0.0
2018-07-21 21:20:00,3.33679,0.324162,0.0,0.0
2018-07-21 21:30:00,2.80487,0.206304,0.0,0.0
2018-07-21 21:40:00,1.92852,0.765664,0.0,0.0
2018-07-21 21:50:00,1.4532,0.283547,0.0,0.0
2018-07-21 22:00:00,0.793447,0.21222,0.0,0.0
2018-07-21 22:10:00,0.825108,0.214506,0.0,0.0
2018-07-21 22:20:00,1.38505,0.189165,0.0,0.0
2018-07-21 22:30:00,1.38187,0.118299,0.0,0.0
2018-07-21 22:40:00,1.50378,0.276586999999999,0.0,0.0
2018-07-21 22:50:00,1.95512,0.0915925,0.0,0.0
2018-07-21 23:00:00,2.01205,0.0607254,0.0,0.0
2018-07-21 23:10:00,1.96268,0.106613,0.0,0.0
2018-07-21 23:20:00,2.08165,0.142852,0.0,0.0
2018-07-21 23:30:00,2.78514,0.313828,0.0,0.0
2018-07-21 23:40:00,3.40451999999999,0.191849,0.0,0.0
2018-07-21 23:50:00,3.95981999999999,0.272194,0.0,0.0
2018-07-22 00:00:00,4.90159,0.266513,0.0,0.0
2018-07-22 00:10:00,4.3257,0.272489,0.0,0.0
2018-07-22 00:20:00,3.80001999999999,0.320327,0.0,0.0
2018-07-22 00:30:00,3.28208,0.195266,0.0,0.0
2018-07-22 00:40:00,3.50314,0.261579,0.0,0.0
2018-07-22 00:50:00,3.49500999999999,0.24741,0.0,0.0
2018-07-22 01:00:00,2.82644,0.231109999999999,0.0,0.0
2018-07-22 01:10:00,2.84905,0.177164,0.0,0.0
2018-07-22 01:20:00,2.6988,0.168556999999999,0.0,0.0
2018-07-22 01:30:00,2.60157,0.317828,0.0,0.0
2018-07-22 01:40:00,2.34868,0.255659,0.0,0.0
2018-07-22 01:50:00,2.25384,0.104732999999999,0.0,0.0
2018-07-22 02:00:00,2.23879,0.180396,0.0,0.0
2018-07-22 02:10:00,2.30801,0.25613,0.0,0.0
2018-07-22 02:20:00,2.36501,0.125559999999999,0.0,0.0
2018-07-22 02:30:00,2.2997,0.131064,0.0,0.0
2018-07-22 02:40:00,2.15055,0.102202,0.0,0.0
2018-07-22 02:50:00,2.32688,0.163034999999999,0.0,0.0
2018-07-22 03:00:00,2.13149,0.226924,0.0,0.0
2018-07-22 03:10:00,2.24569,0.181538,0.0,0.0
2018-07-22 03:20:00,1.97990999999999,0.177318,0.0,0.0
2018-07-22 03:30:00,2.37735,0.168938,0.0,0.0
2018-07-22 03:40:00,2.42199999999999,0.230059,0.0,0.0
2018-07-22 03:50:00,2.30275,0.271493,0.0,0.0
2018-07-22 04:00:00,2.81097,0.281976,0.0,0.0
2018-07-22 04:10:00,2.49427,0.454043,0.0,0.0
2018-07-22 04:20:00,2.4449,0.375656,0.0,0.0
2018-07-22 04:30:00,2.6313,0.295196,0.0,0.0
2018-07-22 04:40:00,2.8227,0.22913,0.0,0.0
2018-07-22 04:50:00,2.7206,0.251499,0.0,0.0
2018-07-22 05:00:00,2.55461,0.200052,0.0,0.0
2018-07-22 05:10:00,2.64336,0.150936,0.0,0.0
2018-07-22 05:20:00,2.87475,0.290342,0.0,0.0
2018-07-22 05:30:00,3.08482,0.187462,0.0,0.0
2018-07-22 05:40:00,2.89712,0.254591,0.0,0.0
2018-07-22 05:50:00,2.02537,0.473159,0.0,0.0
2018-07-22 06:00:00,1.75216,0.272839,0.0,0.0
2018-07-22 06:10:00,1.9504,0.271363,0.0,0.0
2018-07-22 06:20:00,1.82965999999999,0.364288,0.0,0.0
2018-07-22 06:30:00,2.58265,0.295967,0.0,0.0
2018-07-22 06:40:00,2.40085,0.33231,0.0,0.0
2018-07-22 06:50:00,2.72765,0.347269,0.0,0.0
2018-07-22 07:00:00,2.7937,0.424804,0.0,0.0
2018-07-22 07:10:00,3.62504,0.400134,0.0,0.0
2018-07-22 07:20:00,3.21002999999999,0.37523,0.0,0.0
2018-07-22 07:30:00,3.73271,0.409094,0.0,0.0
2018-07-22 07:40:00,3.68463,0.237114,0.0,0.0
2018-07-22 07:50:00,3.18654,0.254138,0.0,0.0
2018-07-22 08:00:00,3.13583,0.426141,0.0,0.0
2018-07-22 08:10:00,3.60201,0.218980999999999,0.0,0.0
2018-07-22 08:20:00,3.1374,0.345823999999999,0.0,0.0
2018-07-22 08:30:00,2.62689,0.217527,0.0,0.0
2018-07-22 08:40:00,2.16796,0.354809,0.0,0.0
2018-07-22 08:50:00,1.3969,0.355979,0.0,0.0
2018-07-22 09:00:00,1.72695,0.158203999999999,0.0,0.0
2018-07-22 09:10:00,1.6869,0.26025,0.0,0.0
2018-07-22 09:20:00,1.74214,0.408681,0.0,0.0
2018-07-22 09:30:00,3.69111999999999,0.999154,0.0,0.0
2018-07-22 09:40:00,4.00838,0.382766,0.0,0.0
2018-07-22 09:50:00,3.9146,0.526846,0.0,0.0
2018-07-22 10:00:00,3.40714,0.506687,0.0,0.0
2018-07-22 10:10:00,3.48116,0.46106,0.0,0.0
2018-07-22 10:20:00,3.73369,0.426071,0.0,0.0
2018-07-22 10:30:00,2.89077,0.530222,0.0,0.0
2018-07-22 10:40:00,2.24327,0.344261,0.0,0.0
2018-07-22 10:50:00,2.45654,0.427811999999999,0.0,0.0
2018-07-22 11:00:00,2.23342,0.346571,0.0,0.0
2018-07-22 11:10:00,1.83801,0.345738999999999,0.0,0.0
2018-07-22 11:20:00,2.02048,0.37227,0.0,0.0
2018-07-22 11:30:00,2.36729,0.531548999999999,0.0,0.0
2018-07-22 11:40:00,2.14334,0.424179,0.0,0.0
2018-07-22 11:50:00,1.87540999999999,0.473904,0.0,0.0
2018-07-22 12:00:00,2.31121,0.386356,0.0,0.0
2018-07-22 12:10:00,2.41485,0.480534,0.0,0.0
2018-07-22 12:20:00,2.32163,0.430343999999999,0.0,0.0
2018-07-22 12:30:00,2.61280999999999,0.479293999999999,0.0,0.0
2018-07-22 12:40:00,2.77854,0.456791,0.0,0.0
2018-07-22 12:50:00,3.46662,0.487864,0.0,0.0
2018-07-22 13:00:00,3.51594,0.29157,0.0,0.0
2018-07-22 13:10:00,2.62807999999999,0.372961,0.0,0.0
2018-07-22 13:20:00,2.23818,0.366955,0.0,0.0
2018-07-22 13:30:00,2.67277,0.324356,0.0,0.0
2018-07-22 13:40:00,3.81986,0.382338,0.0,0.0
2018-07-22 13:50:00,4.05821,0.425377,0.0,0.0
2018-07-22 14:00:00,4.28774,0.620011,0.0,0.0
2018-07-22 14:10:00,4.6468,0.644941,0.0,0.0
2018-07-22 14:20:00,4.82375,0.720263,0.0,0.0
2018-07-22 14:30:00,5.52452,0.742823,0.0,0.0
2018-07-22 14:40:00,5.82147,0.571134,0.0,0.0
2018-07-22 14:50:00,4.81185,0.848464999999999,0.0,0.0
2018-07-22 15:00:00,5.03855,0.653168,0.0,0.0
2018-07-22 15:10:00,4.38716999999999,0.643355,0.0,0.0
2018-07-22 15:20:00,4.23166,0.598641,0.0,0.0
2018-07-22 15:30:00,4.05063,0.690894,0.0,0.0
2018-07-22 15:40:00,3.88843,0.702987,0.0,0.0
2018-07-22 15:50:00,4.92441,0.662117,0.0,0.0
2018-07-22 16:00:00,5.22816999999999,0.664519,0.0,0.0
2018-07-22 16:10:00,4.97375,0.685776,0.0,0.0
2018-07-22 16:20:00,4.3039,0.641299,0.0,0.0
2018-07-22 16:30:00,4.43169,0.516151,0.0,0.0
2018-07-22 16:40:00,3.95811999999999,0.777552,0.0,0.0
2018-07-22 16:50:00,4.08929,0.519915,0.0,0.0
2018-07-22 17:00:00,3.59792,0.472233,0.0,0.0
2018-07-22 17:10:00,3.24647,0.471541,0.0,0.0
2018-07-22 17:20:00,3.08328,0.323342,0.0,0.0
2018-07-22 17:30:00,2.98937,0.534208,0.0,0.0
2018-07-22 17:40:00,2.63143,0.55,0.0,0.0
2018-07-22 17:50:00,2.63180999999999,0.471412,0.0,0.0
2018-07-22 18:00:00,3.19152999999999,0.413147999999999,0.0,0.0
2018-07-22 18:10:00,2.58873,0.366408,0.0,0.0
2018-07-22 18:20:00,2.69826,0.364534,0.0,0.0
2018-07-22 18:30:00,2.89734,0.406213,0.0,0.0
2018-07-22 18:40:00,3.40591999999999,0.558873,0.0,0.0
2018-07-22 18:50:00,3.08908,0.389617,0.0,0.0
2018-07-22 19:00:00,2.73237,0.328904,0.0,0.0
2018-07-22 19:10:00,2.65172,0.329543,0.0,0.0
2018-07-22 19:20:00,2.5063,0.325928999999999,0.0,0.0
2018-07-22 19:30:00,2.41595999999999,0.237186999999999,0.0,0.0
2018-07-22 19:40:00,2.87322,0.438927,0.0,0.0
2018-07-22 19:50:00,2.41805999999999,0.304531,0.0,0.0
2018-07-22 20:00:00,2.33935,0.327335,0.0,0.0
2018-07-22 20:10:00,2.29468,0.318337,0.0,0.0
2018-07-22 20:20:00,2.36282,0.276289,0.0,0.0
2018-07-22 20:30:00,2.01552,0.259264,0.0,0.0
2018-07-22 20:40:00,1.46125,0.428071,0.0,0.0
2018-07-22 20:50:00,1.11517,0.210373,0.0,0.0
2018-07-22 21:00:00,1.39067,0.200353,0.0,0.0
2018-07-22 21:10:00,1.95387999999999,0.238779,0.0,0.0
2018-07-22 21:20:00,2.31014,0.115999,0.0,0.0
2018-07-22 21:30:00,2.26649,0.0946899,0.0,0.0
2018-07-22 21:40:00,2.18615,0.209829,0.0,0.0
2018-07-22 21:50:00,1.68749,0.0946123,0.0,0.0
2018-07-22 22:00:00,1.67239,0.159058,0.0,0.0
2018-07-22 22:10:00,1.67537999999999,0.234526,0.0,0.0
2018-07-22 22:20:00,1.4029,0.182735999999999,0.0,0.0
2018-07-22 22:30:00,1.27738,0.273188,0.0,0.0
2018-07-22 22:40:00,1.14037,0.293869999999999,0.0,0.0
2018-07-22 22:50:00,1.26362,0.210858,0.0,0.0
2018-07-22 23:00:00,1.17177,0.146326999999999,0.0,0.0
2018-07-22 23:10:00,1.33169,0.65781,0.0,0.0
2018-07-22 23:20:00,2.69647999999999,0.667362,0.0,0.0
2018-07-22 23:30:00,2.68381,0.252875,0.0,0.0
2018-07-22 23:40:00,2.74272,0.255382999999999,0.0,0.0
2018-07-22 23:50:00,2.65889,0.279215999999999,0.0,0.0
2018-07-23 00:00:00,2.4078,0.320436999999999,0.0,0.0
2018-07-23 00:10:00,1.72121,0.438997999999999,0.0,0.0
2018-07-23 00:20:00,1.83985,0.301062,0.0,0.0
2018-07-23 00:30:00,1.85530999999999,0.332111999999999,0.0,0.0
2018-07-23 00:40:00,2.85553,0.375911999999999,0.0,0.0
2018-07-23 00:50:00,2.87931,0.242992,0.0,0.0
2018-07-23 01:00:00,3.07515,0.157945,0.0,0.0
2018-07-23 01:10:00,3.19284,0.133348,0.0,0.0
2018-07-23 01:20:00,2.27565,0.556539999999999,0.0,0.0
2018-07-23 01:30:00,2.03352,0.153546,0.0,0.0
2018-07-23 01:40:00,2.07852999999999,0.0940281,0.0,0.0
2018-07-23 01:50:00,2.19592999999999,0.232254,0.0,0.0
2018-07-23 02:00:00,1.85207,0.247415,0.0,0.0
2018-07-23 02:10:00,1.94735,0.324853,0.0,0.0
2018-07-23 02:20:00,2.29942,0.294379,0.0,0.0
2018-07-23 02:30:00,2.61922,0.448511999999999,0.0,0.0
2018-07-23 02:40:00,2.38517,0.301532,0.0,0.0
2018-07-23 02:50:00,2.24235,0.417334,0.0,0.0
2018-07-23 03:00:00,2.85139,0.351692,0.0,0.0
2018-07-23 03:10:00,2.67902,0.421018,0.0,0.0
2018-07-23 03:20:00,2.66682,0.276717999999999,0.0,0.0
2018-07-23 03:30:00,2.8064,0.540303,0.0,0.0
2018-07-23 03:40:00,3.7989,0.398611,0.0,0.0
2018-07-23 03:50:00,4.03102,0.335294999999999,0.0,0.0
2018-07-23 04:00:00,4.21446999999999,0.30423,0.0,0.0
2018-07-23 04:10:00,4.3034,0.303035,0.0,0.0
2018-07-23 04:20:00,3.61240999999999,0.623712,0.0,0.0
2018-07-23 04:30:00,3.98111999999999,0.569306,0.0,0.0
2018-07-23 04:40:00,3.47871,0.410275,0.0,0.0
2018-07-23 04:50:00,3.15867,0.45391,0.0,0.0
2018-07-23 05:00:00,3.23916,0.491185999999999,0.0,0.0
2018-07-23 05:10:00,2.88029,0.338229,0.0,0.0
2018-07-23 05:20:00,2.88207,0.279543,0.0,0.0
2018-07-23 05:30:00,2.72069,0.404629,0.0,0.0
2018-07-23 05:40:00,2.77157999999999,0.411811,0.0,0.0
2018-07-23 05:50:00,3.41773,0.827589999999999,0.0,0.0
2018-07-23 06:00:00,3.70203,0.67336,0.0,0.0
2018-07-23 06:10:00,3.46717,0.397456,0.0,0.0
2018-07-23 06:20:00,3.47011,0.512199,0.0,0.0
2018-07-23 06:30:00,3.54039,0.518076,0.0,0.0
2018-07-23 06:40:00,4.09042,0.525748,0.0,0.0
2018-07-23 06:50:00,3.35915,0.512947,0.0,0.0
2018-07-23 07:00:00,3.8769,0.450276,0.0,0.0
2018-07-23 07:10:00,4.56079,0.412275,0.0,0.0
2018-07-23 07:20:00,4.57615,0.375917,0.0,0.0
2018-07-23 07:30:00,4.46477,0.401262,0.0,0.0
2018-07-23 07:40:00,3.60544,0.460908,0.0,0.0
2018-07-23 07:50:00,5.06624,1.27511,0.0,0.0
2018-07-23 08:00:00,5.89156,0.614829,0.0,0.0
2018-07-23 08:10:00,4.7581,0.520807,0.0,0.0
2018-07-23 08:20:00,4.46706,0.489183,0.0,0.0
2018-07-23 08:30:00,4.92399,0.492536,0.0,0.0
2018-07-23 08:40:00,5.38519,0.613823999999999,0.0,0.0
2018-07-23 08:50:00,5.84703,0.425166,0.0,0.0
2018-07-23 09:00:00,6.00851,0.664389999999999,0.0,0.0
2018-07-23 09:10:00,6.10758,0.529281999999999,0.0,0.0
2018-07-23 09:20:00,5.96144,0.449103,0.0,0.0
2018-07-23 09:30:00,5.82135999999999,0.546866,0.0,0.0
2018-07-23 09:40:00,6.24721,0.581659,0.0,0.0
2018-07-23 09:50:00,6.17310999999999,0.547262,0.0,0.0
2018-07-23 10:00:00,5.72304,0.603868,0.0,0.0
2018-07-23 10:10:00,5.655,0.542412,0.0,0.0
2018-07-23 10:20:00,6.14673,0.517545,0.0,0.0
2018-07-23 10:30:00,5.60456,0.772156,0.0,0.0
2018-07-23 10:40:00,6.54957,0.654692,0.0,0.0
2018-07-23 10:50:00,6.11112,0.67506,0.0,0.0
2018-07-23 11:00:00,5.87212,0.732406,0.0,0.0
2018-07-23 11:10:00,5.3909,0.699278,0.0,0.0
2018-07-23 11:20:00,5.45666,0.584042,0.0,0.0
2018-07-23 11:30:00,4.42879,0.442137,0.0,0.0
2018-07-23 11:40:00,3.69764,0.487779,0.0,0.0
2018-07-23 11:50:00,4.06781,1.03122999999999,0.0,0.0
2018-07-23 12:00:00,5.23297,1.08142,0.0,0.0
2018-07-23 12:10:00,5.89995,0.692017,0.0,0.0
2018-07-23 12:20:00,5.20186,0.605821,0.0,0.0
2018-07-23 12:30:00,4.486,0.537134,0.0,0.0
2018-07-23 12:40:00,4.38734,0.546393,0.0,0.0
2018-07-23 12:50:00,4.23234,0.490222999999999,0.0,0.0
2018-07-23 13:00:00,4.23234,0.490222999999999,0.0,0.0
2018-07-23 13:10:00,4.23234,0.490222999999999,0.0,0.0
2018-07-23 13:20:00,4.23234,0.490222999999999,0.0,0.0
2018-07-23 13:30:00,4.16932,0.520127999999999,0.0,0.0
2018-07-23 13:40:00,4.33893,0.48394,0.0,0.0
2018-07-23 13:50:00,4.13953,0.498864999999999,0.0,0.0
2018-07-23 14:00:00,4.2346,0.371727,0.0,0.0
2018-07-23 14:10:00,3.86768,0.299798,0.0,0.0
2018-07-23 14:20:00,4.05703,1.18838,0.0,0.0
2018-07-23 14:30:00,5.12481,0.514487,0.0,0.0
2018-07-23 14:40:00,4.12824,0.415641,0.0,0.0
2018-07-23 14:50:00,4.2025,0.603288,0.0,0.0
2018-07-23 15:00:00,4.67665,0.738468999999999,0.0,0.0
2018-07-23 15:10:00,4.09259,0.470406,0.0,0.0
2018-07-23 15:20:00,4.02228,0.344055,0.0,0.0
2018-07-23 15:30:00,4.89251999999999,0.378351,0.0,0.0
2018-07-23 15:40:00,4.68551999999999,0.645379,0.0,0.0
2018-07-23 15:50:00,4.18713,0.532054,0.0,0.0
2018-07-23 16:00:00,3.22726,0.247519,0.0,0.0
2018-07-23 16:10:00,4.08317,0.469339,0.0,0.0
2018-07-23 16:20:00,4.77572,0.616043,0.0,0.0
2018-07-23 16:30:00,5.50967,0.320736,0.0,0.0
2018-07-23 16:40:00,5.08338,0.784325,0.0,0.0
2018-07-23 16:50:00,5.03404,0.741004,0.0,0.0
2018-07-23 17:00:00,5.03177,0.522036,0.0,0.0
2018-07-23 17:10:00,5.07133,0.461406,0.0,0.0
2018-07-23 17:20:00,4.75102,0.477504,0.0,0.0
2018-07-23 17:30:00,6.09021999999999,0.599538,0.0,0.0
2018-07-23 17:40:00,5.91365,0.392229,0.0,0.0
2018-07-23 17:50:00,6.28751,0.613360999999999,0.0,0.0
2018-07-23 18:00:00,6.12969,0.569389,0.0,0.0
2018-07-23 18:10:00,6.25338,0.771686,0.0,0.0
2018-07-23 18:20:00,6.92565,0.96472,0.0,0.0
2018-07-23 18:30:00,7.37286,0.397244999999999,0.0,0.0
2018-07-23 18:40:00,6.91871,0.723784,0.0,0.0
2018-07-23 18:50:00,6.68828999999999,0.677132,0.0,0.0
2018-07-23 19:00:00,6.62034,0.781786,0.0,0.0
2018-07-23 19:10:00,7.56753999999999,0.535452,0.0,0.0
2018-07-23 19:20:00,7.37633,0.474568,0.0,0.0
2018-07-23 19:30:00,7.38986,0.534806999999999,0.0,0.0
2018-07-23 19:40:00,7.13646,0.393259,0.0,0.0
2018-07-23 19:50:00,6.95876999999999,0.380848,0.0,0.0
2018-07-23 20:00:00,6.18802,0.365608,0.0,0.0
2018-07-23 20:10:00,6.02805,0.330952,0.0,0.0
2018-07-23 20:20:00,5.73701999999999,0.242001,0.0,0.0
2018-07-23 20:30:00,5.39048,0.162817,0.0,0.0
2018-07-23 20:40:00,4.57276,0.435891,0.0,0.0
2018-07-23 20:50:00,3.93820999999999,0.387452,0.0,0.0
2018-07-23 21:00:00,3.81149,0.398342,0.0,0.0
2018-07-23 21:10:00,3.43814,0.370767,0.0,0.0
2018-07-23 21:20:00,3.49349,0.374343,0.0,0.0
2018-07-23 21:30:00,3.81745,0.490724,0.0,0.0
2018-07-23 21:40:00,3.49093,0.430335999999999,0.0,0.0
2018-07-23 21:50:00,2.57022,0.33103,0.0,0.0
2018-07-23 22:00:00,2.16203,0.344271999999999,0.0,0.0
2018-07-23 22:10:00,1.49817,0.13729,0.0,0.0
2018-07-23 22:20:00,1.30717,0.254067999999999,0.0,0.0
2018-07-23 22:30:00,1.17957999999999,0.176043,0.0,0.0
2018-07-23 22:40:00,0.770642,0.259405999999999,0.0,0.0
2018-07-23 22:50:00,0.559697999999999,0.0346623,0.0,0.0
2018-07-23 23:00:00,0.757007,0.0565361,0.0,0.0
2018-07-23 23:10:00,0.62297,0.0692936,0.0,0.0
2018-07-23 23:20:00,0.988437999999999,0.163503,0.0,0.0
2018-07-23 23:30:00,1.53751,0.169063,0.0,0.0
2018-07-23 23:40:00,1.83865,0.157275,0.0,0.0
2018-07-23 23:50:00,1.78144,0.107307999999999,0.0,0.0
2018-07-24 00:00:00,1.60282,0.0920165,0.0,0.0
2018-07-24 00:10:00,1.30079,0.069083,0.0,0.0
2018-07-24 00:20:00,1.27275,0.128814,0.0,0.0
2018-07-24 00:30:00,1.76145999999999,0.411197,0.0,0.0
2018-07-24 00:40:00,1.91379,0.117925,0.0,0.0
2018-07-24 00:50:00,1.76922999999999,0.0651848,0.0,0.0
2018-07-24 01:00:00,1.88987,0.194004999999999,0.0,0.0
2018-07-24 01:10:00,1.95939,0.0968656,0.0,0.0
2018-07-24 01:20:00,2.18374,0.0722245,0.0,0.0
2018-07-24 01:30:00,2.00293,0.186527,0.0,0.0
2018-07-24 01:40:00,1.94662,0.0923787,0.0,0.0
2018-07-24 01:50:00,1.70445999999999,0.0635621,0.0,0.0
2018-07-24 02:00:00,1.67367,0.0809779,0.0,0.0
2018-07-24 02:10:00,1.91275999999999,0.101587,0.0,0.0
2018-07-24 02:20:00,1.79098,0.14329,0.0,0.0
2018-07-24 02:30:00,1.69993,0.071887,0.0,0.0
2018-07-24 02:40:00,1.5358,0.108218,0.0,0.0
2018-07-24 02:50:00,1.67199,0.0658605,0.0,0.0
2018-07-24 03:00:00,1.42846,0.210062,0.0,0.0
2018-07-24 03:10:00,0.956522999999999,0.121157999999999,0.0,0.0
2018-07-24 03:20:00,0.961768,0.0902803,0.0,0.0
2018-07-24 03:30:00,1.26617,0.111439,0.0,0.0
2018-07-24 03:40:00,1.14799,0.180952,0.0,0.0
2018-07-24 03:50:00,0.723331,0.0624491,0.0,0.0
2018-07-24 04:00:00,0.629798,0.0846779,0.0,0.0
2018-07-24 04:10:00,0.596287,0.0916276,0.0,0.0
2018-07-24 04:20:00,1.06924,0.132917,0.0,0.0
2018-07-24 04:30:00,0.914620999999999,0.129284999999999,0.0,0.0
2018-07-24 04:40:00,0.680439999999999,0.0879462,0.0,0.0
2018-07-24 04:50:00,0.783015,0.0903469,0.0,0.0
2018-07-24 05:00:00,0.732112,0.0655575,0.0,0.0
2018-07-24 05:10:00,0.549679,0.0332820999999999,0.0,0.0
2018-07-24 05:20:00,0.53969,4.12953e-07,0.0,0.0
2018-07-24 05:30:00,0.53969,4.12953e-07,0.0,0.0
2018-07-24 05:40:00,0.53969,4.12953e-07,0.0,0.0
2018-07-24 05:50:00,0.53969,4.12953e-07,0.0,0.0
2018-07-24 06:00:00,0.53969,4.12953e-07,0.0,0.0
2018-07-24 06:10:00,0.53969,4.12953e-07,0.0,0.0
2018-07-24 06:20:00,0.54405,0.0242095999999999,0.0,0.0
2018-07-24 06:30:00,0.53969,4.12953e-07,0.0,0.0
2018-07-24 06:40:00,0.827501,0.298106,0.0,0.0
2018-07-24 06:50:00,0.827501,0.298106,0.0,0.0
2018-07-24 07:00:00,0.870586,0.326203,0.0,0.0
2018-07-24 07:10:00,0.641857,0.163206,0.0,0.0
2018-07-24 07:20:00,0.835937,0.23919,0.0,0.0
2018-07-24 07:30:00,0.716268999999999,0.176469,0.0,0.0
2018-07-24 07:40:00,0.640278,0.112115,0.0,0.0
2018-07-24 07:50:00,0.557027,0.0476043,0.0,0.0
2018-07-24 08:00:00,1.05618,0.290406,0.0,0.0
2018-07-24 08:10:00,1.12808,0.307973,0.0,0.0
2018-07-24 08:20:00,1.26024,0.427793,0.0,0.0
2018-07-24 08:30:00,1.12628,0.460331,0.0,0.0
2018-07-24 08:40:00,1.83009,0.378787,0.0,0.0
2018-07-24 08:50:00,2.1924,0.556357,0.0,0.0
2018-07-24 09:00:00,2.15115,0.509093999999999,0.0,0.0
2018-07-24 09:10:00,2.4308,0.288515,0.0,0.0
2018-07-24 09:20:00,2.14657,0.464264,0.0,0.0
2018-07-24 09:30:00,2.10733,0.233577,0.0,0.0
2018-07-24 09:40:00,2.11522,0.218027,0.0,0.0
2018-07-24 09:50:00,1.54845,0.339692999999999,0.0,0.0
2018-07-24 10:00:00,1.734,0.430539,0.0,0.0
2018-07-24 10:10:00,2.14785,0.448636,0.0,0.0
2018-07-24 10:20:00,2.08707,0.445804,0.0,0.0
2018-07-24 10:30:00,2.30732,0.482260999999999,0.0,0.0
2018-07-24 10:40:00,2.45632,0.491012,0.0,0.0
2018-07-24 10:50:00,1.84223,0.45211,0.0,0.0
2018-07-24 11:00:00,1.52263,0.366509,0.0,0.0
2018-07-24 11:10:00,1.92177,0.544543,0.0,0.0
2018-07-24 11:20:00,2.81017,0.414315999999999,0.0,0.0
2018-07-24 11:30:00,2.55361,0.499847,0.0,0.0
2018-07-24 11:40:00,2.26767,0.471244999999999,0.0,0.0
2018-07-24 11:50:00,2.12331,0.589106999999999,0.0,0.0
2018-07-24 12:00:00,1.528,0.524207,0.0,0.0
2018-07-24 12:10:00,2.14355,0.413308,0.0,0.0
2018-07-24 12:20:00,1.60906,0.600397,0.0,0.0
2018-07-24 12:30:00,2.66722,0.581913,0.0,0.0
2018-07-24 12:40:00,2.28315,0.609979,0.0,0.0
2018-07-24 12:50:00,1.96214,0.631365,0.0,0.0
2018-07-24 13:00:00,2.82216,0.582263,0.0,0.0
2018-07-24 13:10:00,4.05776,0.546465,0.0,0.0
2018-07-24 13:20:00,4.08285,0.513707999999999,0.0,0.0
2018-07-24 13:30:00,3.92095,0.354848999999999,0.0,0.0
2018-07-24 13:40:00,4.4448,0.57171,0.0,0.0
2018-07-24 13:50:00,4.26299,0.856975,0.0,0.0
2018-07-24 14:00:00,4.14344,0.486299,0.0,0.0
2018-07-24 14:10:00,4.62934,0.633961,0.0,0.0
2018-07-24 14:20:00,4.83026,0.519365,0.0,0.0
2018-07-24 14:30:00,5.0537,0.611074,0.0,0.0
2018-07-24 14:40:00,4.64413,0.510434,0.0,0.0
2018-07-24 14:50:00,5.24607,0.587108,0.0,0.0
2018-07-24 15:00:00,5.22458,0.704653,0.0,0.0
2018-07-24 15:10:00,5.28298,0.509282,0.0,0.0
2018-07-24 15:20:00,5.17591,0.484371,0.0,0.0
2018-07-24 15:30:00,4.80234,0.536540999999999,0.0,0.0
2018-07-24 15:40:00,4.17784,0.643969,0.0,0.0
2018-07-24 15:50:00,4.23489,0.66771,0.0,0.0
2018-07-24 16:00:00,4.00585,0.485296,0.0,0.0
2018-07-24 16:10:00,4.31979,0.762765999999999,0.0,0.0
2018-07-24 16:20:00,4.19213,0.662804,0.0,0.0
2018-07-24 16:30:00,4.64615,0.675879,0.0,0.0
2018-07-24 16:40:00,4.36302,0.693774,0.0,0.0
2018-07-24 16:50:00,4.57495,0.578712,0.0,0.0
2018-07-24 17:00:00,4.35138,0.556697,0.0,0.0
2018-07-24 17:10:00,4.08732,0.479836,0.0,0.0
2018-07-24 17:20:00,4.07482,0.548417,0.0,0.0
2018-07-24 17:30:00,4.16916999999999,0.601793999999999,0.0,0.0
2018-07-24 17:40:00,3.7209,0.58043,0.0,0.0
2018-07-24 17:50:00,3.7665,0.576693999999999,0.0,0.0
2018-07-24 18:00:00,3.68561999999999,0.46845,0.0,0.0
2018-07-24 18:10:00,3.84265,0.490964,0.0,0.0
2018-07-24 18:20:00,3.71761999999999,0.526103,0.0,0.0
2018-07-24 18:30:00,2.90209,0.525296,0.0,0.0
2018-07-24 18:40:00,3.41088,0.521038,0.0,0.0
2018-07-24 18:50:00,2.88475,0.45783,0.0,0.0
2018-07-24 19:00:00,2.70592,0.640371,0.0,0.0
2018-07-24 19:10:00,2.19473,0.312368,0.0,0.0
2018-07-24 19:20:00,2.27,0.287976,0.0,0.0
2018-07-24 19:30:00,2.56462,0.328423,0.0,0.0
2018-07-24 19:40:00,2.28991,0.425152,0.0,0.0
2018-07-24 19:50:00,1.92893,0.388826,0.0,0.0
2018-07-24 20:00:00,2.03551,0.359065,0.0,0.0
2018-07-24 20:10:00,2.7757,0.319584,0.0,0.0
2018-07-24 20:20:00,2.63810999999999,0.33573,0.0,0.0
2018-07-24 20:30:00,2.53551,0.386051,0.0,0.0
2018-07-24 20:40:00,2.87791,0.228636999999999,0.0,0.0
2018-07-24 20:50:00,2.65016,0.213840999999999,0.0,0.0
2018-07-24 21:00:00,2.46943,0.187563,0.0,0.0
2018-07-24 21:10:00,2.97433,0.161905,0.0,0.0
2018-07-24 21:20:00,3.14483,0.0981282,0.0,0.0
2018-07-24 21:30:00,3.21129,0.094832,0.0,0.0
2018-07-24 21:40:00,3.09945999999999,0.172802,0.0,0.0
2018-07-24 21:50:00,3.41078,0.18466,0.0,0.0
2018-07-24 22:00:00,2.69538,0.256531,0.0,0.0
2018-07-24 22:10:00,2.85911,0.149128,0.0,0.0
2018-07-24 22:20:00,2.92015,0.214219,0.0,0.0
2018-07-24 22:30:00,2.03537,0.359857,0.0,0.0
2018-07-24 22:40:00,1.27431,0.120838,0.0,0.0
2018-07-24 22:50:00,1.16977999999999,0.157297,0.0,0.0
2018-07-24 23:00:00,1.00732,0.0635145999999999,0.0,0.0
2018-07-24 23:10:00,1.15917,0.101198,0.0,0.0
2018-07-24 23:20:00,1.43598999999999,0.351269999999999,0.0,0.0
2018-07-24 23:30:00,1.43895,0.130406,0.0,0.0
2018-07-24 23:40:00,1.86157,0.320538999999999,0.0,0.0
2018-07-24 23:50:00,1.86601,0.179682999999999,0.0,0.0
2018-07-25 00:00:00,1.81227,0.102611,0.0,0.0
2018-07-25 00:10:00,1.79561,0.100727,0.0,0.0
2018-07-25 00:20:00,1.57422,0.194072,0.0,0.0
2018-07-25 00:30:00,1.13336,0.12916,0.0,0.0
2018-07-25 00:40:00,0.888509,0.0775097,0.0,0.0
2018-07-25 00:50:00,0.894745,0.0869761999999999,0.0,0.0
2018-07-25 01:00:00,1.17621,0.0816061,0.0,0.0
2018-07-25 01:10:00,1.66130999999999,0.393646,0.0,0.0
2018-07-25 01:20:00,2.30069,0.2436,0.0,0.0
2018-07-25 01:30:00,2.36112,0.413411,0.0,0.0
2018-07-25 01:40:00,2.58572,0.355486,0.0,0.0
2018-07-25 01:50:00,3.18949,0.202339,0.0,0.0
2018-07-25 02:00:00,2.59917,0.359682,0.0,0.0
2018-07-25 02:10:00,2.96382,0.320415,0.0,0.0
2018-07-25 02:20:00,3.27432,0.648228,0.0,0.0
2018-07-25 02:30:00,1.65559,0.739478,0.0,0.0
2018-07-25 02:40:00,1.45141,0.333721,0.0,0.0
2018-07-25 02:50:00,1.96121,0.153375,0.0,0.0
2018-07-25 03:00:00,2.13433,0.17517,0.0,0.0
2018-07-25 03:10:00,2.64074,0.474968,0.0,0.0
2018-07-25 03:20:00,2.84944,0.245840999999999,0.0,0.0
2018-07-25 03:30:00,3.37285999999999,0.422574,0.0,0.0
2018-07-25 03:40:00,3.5144,0.175602,0.0,0.0
2018-07-25 03:50:00,2.49462,0.377101,0.0,0.0
2018-07-25 04:00:00,1.47993,0.133378,0.0,0.0
2018-07-25 04:10:00,1.56847,0.0879868999999999,0.0,0.0
2018-07-25 04:20:00,1.75932999999999,0.171836,0.0,0.0
2018-07-25 04:30:00,1.264,0.121281999999999,0.0,0.0
2018-07-25 04:40:00,0.788867,0.0789798999999999,0.0,0.0
2018-07-25 04:50:00,1.0425,0.0650351,0.0,0.0
2018-07-25 05:00:00,0.811689,0.0626116999999999,0.0,0.0
2018-07-25 05:10:00,0.928254,0.182979,0.0,0.0
2018-07-25 05:20:00,0.590917,0.0895963999999999,0.0,0.0
2018-07-25 05:30:00,0.590092,0.0722567,0.0,0.0
2018-07-25 05:40:00,0.871479,0.110110999999999,0.0,0.0
2018-07-25 05:50:00,0.914252,0.412414,0.0,0.0
2018-07-25 06:00:00,1.9451,0.350083,0.0,0.0
2018-07-25 06:10:00,1.67289,0.309979,0.0,0.0
2018-07-25 06:20:00,1.72823,0.305014,0.0,0.0
2018-07-25 06:30:00,1.5279,0.222794,0.0,0.0
2018-07-25 06:40:00,0.984457999999999,0.265499,0.0,0.0
2018-07-25 06:50:00,1.21716,0.21,0.0,0.0
2018-07-25 07:00:00,1.12867,0.203876,0.0,0.0
2018-07-25 07:10:00,1.16187,0.281039,0.0,0.0
2018-07-25 07:20:00,1.1302,0.400855,0.0,0.0
2018-07-25 07:30:00,1.32808,0.385583,0.0,0.0
2018-07-25 07:40:00,1.25556,0.358731,0.0,0.0
2018-07-25 07:50:00,0.817178,0.260024,0.0,0.0
2018-07-25 08:00:00,1.17398999999999,0.162532999999999,0.0,0.0
2018-07-25 08:10:00,1.36251,0.120324,0.0,0.0
2018-07-25 08:20:00,1.35598,0.288736,0.0,0.0
2018-07-25 08:30:00,1.64000999999999,0.129662,0.0,0.0
2018-07-25 08:40:00,1.54734,0.189743,0.0,0.0
2018-07-25 08:50:00,1.6182,0.188564,0.0,0.0
2018-07-25 09:00:00,2.01105,0.0672486,0.0,0.0
2018-07-25 09:10:00,1.84807,0.121279,0.0,0.0
2018-07-25 09:20:00,1.41282,0.152691,0.0,0.0
2018-07-25 09:30:00,1.39254,0.136186,0.0,0.0
2018-07-25 09:40:00,1.5328,0.330259,0.0,0.0
2018-07-25 09:50:00,1.66400999999999,0.433883,0.0,0.0
2018-07-25 10:00:00,1.5694,0.264982999999999,0.0,0.0
2018-07-25 10:10:00,2.17537,0.0910588,0.0,0.0
2018-07-25 10:20:00,1.92980999999999,0.111109999999999,0.0,0.0
2018-07-25 10:30:00,1.85995999999999,0.214698999999999,0.0,0.0
2018-07-25 10:40:00,2.32199,0.171986,0.0,0.0
2018-07-25 10:50:00,2.07284,0.168779999999999,0.0,0.0
2018-07-25 11:00:00,2.01785999999999,0.193601,0.0,0.0
2018-07-25 11:10:00,1.87865999999999,0.366351,0.0,0.0
2018-07-25 11:20:00,2.13983,0.143357999999999,0.0,0.0
2018-07-25 11:30:00,1.76188,0.355243,0.0,0.0
2018-07-25 11:40:00,1.56908999999999,0.321214,0.0,0.0
2018-07-25 11:50:00,2.20496,0.474101,0.0,0.0
2018-07-25 12:00:00,2.32505,0.437907,0.0,0.0
2018-07-25 12:10:00,2.12034,0.346175,0.0,0.0
2018-07-25 12:20:00,2.46014,0.459621,0.0,0.0
2018-07-25 12:30:00,3.17945999999999,0.507155,0.0,0.0
2018-07-25 12:40:00,3.61701,0.941109,0.0,0.0
2018-07-25 12:50:00,3.56618,0.595391,0.0,0.0
2018-07-25 13:00:00,3.91449,0.766442,0.0,0.0
2018-07-25 13:10:00,4.15731999999999,0.678064,0.0,0.0
2018-07-25 13:20:00,4.64410999999999,0.633675,0.0,0.0
2018-07-25 13:30:00,4.50409,0.421062,0.0,0.0
2018-07-25 13:40:00,5.48988,0.561423,0.0,0.0
2018-07-25 13:50:00,5.24297,0.504564,0.0,0.0
2018-07-25 14:00:00,4.83211,0.625047999999999,0.0,0.0
2018-07-25 14:10:00,4.16039,0.488092,0.0,0.0
2018-07-25 14:20:00,4.45654,0.584965,0.0,0.0
2018-07-25 14:30:00,4.01538,0.536607,0.0,0.0
2018-07-25 14:40:00,4.65745,0.669597,0.0,0.0
2018-07-25 14:50:00,5.04476,0.651413,0.0,0.0
2018-07-25 15:00:00,5.22767,0.599858,0.0,0.0
2018-07-25 15:10:00,5.09048,0.587706,0.0,0.0
2018-07-25 15:20:00,5.46361,0.745147,0.0,0.0
2018-07-25 15:30:00,5.42975,0.428531,0.0,0.0
2018-07-25 15:40:00,4.98635,0.562485,0.0,0.0
2018-07-25 15:50:00,4.99933,0.602288,0.0,0.0
2018-07-25 16:00:00,5.56122,0.621895,0.0,0.0
2018-07-25 16:10:00,5.68285,0.688133,0.0,0.0
2018-07-25 16:20:00,5.29496,0.653784,0.0,0.0
2018-07-25 16:30:00,5.80125,0.668404,0.0,0.0
2018-07-25 16:40:00,5.22568,0.535742,0.0,0.0
2018-07-25 16:50:00,5.03311,0.504216,0.0,0.0
2018-07-25 17:00:00,5.1899,0.562062,0.0,0.0
2018-07-25 17:10:00,5.00662,0.500064,0.0,0.0
2018-07-25 17:20:00,4.42974,0.520695,0.0,0.0
2018-07-25 17:30:00,4.45188,0.513276,0.0,0.0
2018-07-25 17:40:00,4.26519,0.482549,0.0,0.0
2018-07-25 17:50:00,4.52043,0.465999,0.0,0.0
2018-07-25 18:00:00,4.42089,0.553459,0.0,0.0
2018-07-25 18:10:00,4.26624,0.588465999999999,0.0,0.0
2018-07-25 18:20:00,4.08526999999999,0.515533,0.0,0.0
2018-07-25 18:30:00,4.4065,0.665005,0.0,0.0
2018-07-25 18:40:00,4.72345,0.623644,0.0,0.0
2018-07-25 18:50:00,4.25346,0.536814999999999,0.0,0.0
2018-07-25 19:00:00,4.64162,0.473902999999999,0.0,0.0
2018-07-25 19:10:00,4.42994,0.49726,0.0,0.0
2018-07-25 19:20:00,4.59258,0.563425,0.0,0.0
2018-07-25 19:30:00,4.33737,0.64243,0.0,0.0
2018-07-25 19:40:00,3.74949,0.636958,0.0,0.0
2018-07-25 19:50:00,3.38638,0.533864,0.0,0.0
2018-07-25 20:00:00,3.4595,0.749315,0.0,0.0
2018-07-25 20:10:00,4.08841,0.707688,0.0,0.0
2018-07-25 20:20:00,3.76595,0.625556999999999,0.0,0.0
2018-07-25 20:30:00,3.73415999999999,0.754011,0.0,0.0
2018-07-25 20:40:00,3.75855,0.529164,0.0,0.0
2018-07-25 20:50:00,3.29190999999999,0.379605,0.0,0.0
2018-07-25 21:00:00,3.41742,0.514879,0.0,0.0
2018-07-25 21:10:00,3.64599,0.547509,0.0,0.0
2018-07-25 21:20:00,2.88390999999999,0.439702999999999,0.0,0.0
2018-07-25 21:30:00,2.01188,0.323446,0.0,0.0
2018-07-25 21:40:00,2.65669,0.679032,0.0,0.0
2018-07-25 21:50:00,3.67394,0.387635,0.0,0.0
2018-07-25 22:00:00,3.99517,0.516474,0.0,0.0
2018-07-25 22:10:00,4.03988,0.525087,0.0,0.0
2018-07-25 22:20:00,4.3,0.866906,0.0,0.0
2018-07-25 22:30:00,3.69939,0.786322,0.0,0.0
2018-07-25 22:40:00,3.22764,0.727076,0.0,0.0
2018-07-25 22:50:00,2.9746,0.427256,0.0,0.0
2018-07-25 23:00:00,3.08719,0.463108,0.0,0.0
2018-07-25 23:10:00,2.50083,0.340577,0.0,0.0
2018-07-25 23:20:00,2.42377,0.309278,0.0,0.0
2018-07-25 23:30:00,2.10725,0.289252,0.0,0.0
2018-07-25 23:40:00,1.78263,0.302759,0.0,0.0
2018-07-25 23:50:00,1.98784,0.340436,0.0,0.0
2018-07-26 00:00:00,2.66359,0.499972,0.0,0.0
2018-07-26 00:10:00,3.21240999999999,0.700160999999999,0.0,0.0
2018-07-26 00:20:00,3.39459,0.723687,0.0,0.0
2018-07-26 00:30:00,3.40298,0.521545,0.0,0.0
2018-07-26 00:40:00,4.09981,0.492134,0.0,0.0
2018-07-26 00:50:00,3.71188,0.597021,0.0,0.0
2018-07-26 01:00:00,3.37402,0.534736,0.0,0.0
2018-07-26 01:10:00,3.08894,0.492469999999999,0.0,0.0
2018-07-26 01:20:00,3.07342,0.409985,0.0,0.0
2018-07-26 01:30:00,2.61430999999999,0.529818,0.0,0.0
2018-07-26 01:40:00,3.08412,0.497156,0.0,0.0
2018-07-26 01:50:00,3.7089,0.589518,0.0,0.0
2018-07-26 02:00:00,3.05992,0.58703,0.0,0.0
2018-07-26 02:10:00,3.24093,0.404619,0.0,0.0
2018-07-26 02:20:00,3.77835,0.425332,0.0,0.0
2018-07-26 02:30:00,3.70684,0.609852,0.0,0.0
2018-07-26 02:40:00,4.10772,0.698951,0.0,0.0
2018-07-26 02:50:00,4.24941,0.524464,0.0,0.0
2018-07-26 03:00:00,4.38205,0.650117,0.0,0.0
2018-07-26 03:10:00,4.74159,0.665277999999999,0.0,0.0
2018-07-26 03:20:00,4.82923,0.714123,0.0,0.0
2018-07-26 03:30:00,4.58390999999999,0.529637,0.0,0.0
2018-07-26 03:40:00,4.32845,0.622405,0.0,0.0
2018-07-26 03:50:00,4.71304,0.610348,0.0,0.0
2018-07-26 04:00:00,4.26645999999999,0.675782,0.0,0.0
2018-07-26 04:10:00,3.74701999999999,0.58594,0.0,0.0
2018-07-26 04:20:00,3.45350999999999,0.483617,0.0,0.0
2018-07-26 04:30:00,4.07799,0.441379,0.0,0.0
2018-07-26 04:40:00,4.33571,0.572627,0.0,0.0
2018-07-26 04:50:00,4.22092,0.497606999999999,0.0,0.0
2018-07-26 05:00:00,3.69715,0.531984,0.0,0.0
2018-07-26 05:10:00,3.43939,0.486741,0.0,0.0
2018-07-26 05:20:00,4.27073,0.593249,0.0,0.0
2018-07-26 05:30:00,4.29167,0.672773,0.0,0.0
2018-07-26 05:40:00,4.16859,0.654493999999999,0.0,0.0
2018-07-26 05:50:00,3.85897,0.621992,0.0,0.0
2018-07-26 06:00:00,2.91717,0.488483,0.0,0.0
2018-07-26 06:10:00,2.83313,0.515958,0.0,0.0
2018-07-26 06:20:00,3.35469,0.449213,0.0,0.0
2018-07-26 06:30:00,3.07219,0.613981999999999,0.0,0.0
2018-07-26 06:40:00,2.6061,0.516065,0.0,0.0
2018-07-26 06:50:00,2.46969,0.56368,0.0,0.0
2018-07-26 07:00:00,3.41494,0.765784,0.0,0.0
2018-07-26 07:10:00,3.34295,0.561844,0.0,0.0
2018-07-26 07:20:00,3.60733,0.500549,0.0,0.0
2018-07-26 07:30:00,3.68938,0.460909,0.0,0.0
2018-07-26 07:40:00,3.62484,0.616478,0.0,0.0
2018-07-26 07:50:00,3.21320999999999,0.549499,0.0,0.0
2018-07-26 08:00:00,3.11634,0.498544999999999,0.0,0.0
2018-07-26 08:10:00,3.41758,0.451505,0.0,0.0
2018-07-26 08:20:00,3.86551,0.626185,0.0,0.0
2018-07-26 08:30:00,3.9755,0.665972,0.0,0.0
2018-07-26 08:40:00,4.40719,0.564154,0.0,0.0
2018-07-26 08:50:00,3.93368,0.588108,0.0,0.0
2018-07-26 09:00:00,4.13986999999999,0.542414,0.0,0.0
2018-07-26 09:10:00,3.38980999999999,0.52133,0.0,0.0
2018-07-26 09:20:00,3.69901999999999,0.573775,0.0,0.0
2018-07-26 09:30:00,3.69125,0.58166,0.0,0.0
2018-07-26 09:40:00,3.7595,0.571083,0.0,0.0
2018-07-26 09:50:00,4.22641,0.607659,0.0,0.0
2018-07-26 10:00:00,3.88786,0.644712,0.0,0.0
2018-07-26 10:10:00,3.91446999999999,0.627215,0.0,0.0
2018-07-26 10:20:00,3.78612,0.535033,0.0,0.0
2018-07-26 10:30:00,4.45299,0.695373999999999,0.0,0.0
2018-07-26 10:40:00,4.93638,0.558469,0.0,0.0
2018-07-26 10:50:00,4.49876999999999,0.681834,0.0,0.0
2018-07-26 11:00:00,4.57443,0.689218999999999,0.0,0.0
2018-07-26 11:10:00,4.7831,0.533668,0.0,0.0
2018-07-26 11:20:00,4.68714,0.580035,0.0,0.0
2018-07-26 11:30:00,4.7961,0.594572999999999,0.0,0.0
2018-07-26 11:40:00,4.69736999999999,0.581248,0.0,0.0
2018-07-26 11:50:00,5.12331,0.481803,0.0,0.0
2018-07-26 12:00:00,5.31516999999999,0.541117,0.0,0.0
2018-07-26 12:10:00,5.10116,0.595981,0.0,0.0
2018-07-26 12:20:00,5.21551,0.617919,0.0,0.0
2018-07-26 12:30:00,5.0684,0.6739,0.0,0.0
2018-07-26 12:40:00,5.08695999999999,0.519897,0.0,0.0
2018-07-26 12:50:00,5.26214,0.788073999999999,0.0,0.0
2018-07-26 13:00:00,5.42844,0.770811999999999,0.0,0.0
2018-07-26 13:10:00,5.78731999999999,0.635942,0.0,0.0
2018-07-26 13:20:00,5.79522,0.725951,0.0,0.0
2018-07-26 13:30:00,5.89414,0.703759,26.3366,37.3594
2018-07-26 13:40:00,5.93153,0.768749,81.4255,31.497
2018-07-26 13:50:00,6.09099,0.767987,92.8205,40.7973
2018-07-26 14:00:00,5.83580999999999,0.8119,108.999,33.7301
2018-07-26 14:10:00,5.2911,0.722384,98.3188,28.4613
2018-07-26 14:20:00,5.69181,0.81118,91.7029999999999,37.1453
2018-07-26 14:30:00,6.23744,0.752455,114.727,27.4875
2018-07-26 14:40:00,6.10126,0.791634,100.941,25.5786
2018-07-26 14:50:00,6.3848,0.844137,116.702999999999,32.615
2018-07-26 15:00:00,6.12247,0.76362,115.51,26.8119
2018-07-26 15:10:00,6.4343,0.724932,113.175,36.0342
2018-07-26 15:20:00,6.43332,0.764917,84.081,27.8613
2018-07-26 15:30:00,6.25953,0.713585999999999,87.6283,29.9572
2018-07-26 15:40:00,6.08207,0.813078,123.29,33.4006
2018-07-26 15:50:00,6.51766,0.812437,124.803,32.4664
2018-07-26 16:00:00,5.67908,0.782135999999999,155.43,28.4485
2018-07-26 16:10:00,6.19536,0.711697999999999,130.862,43.6902
2018-07-26 16:20:00,5.84526999999999,0.732035,140.452,30.9069
2018-07-26 16:30:00,5.65738,0.76225,135.671,31.7093
2018-07-26 16:40:00,6.08817,0.895861,133.025,26.1349
2018-07-26 16:50:00,6.51204,0.630774,99.8657,33.676
2018-07-26 17:00:00,6.01346,0.711796,87.4855,25.9471
2018-07-26 17:10:00,6.15461,0.603049,74.91,27.8991
2018-07-26 17:20:00,5.63172,0.721602,62.9017,25.3616
2018-07-26 17:30:00,4.30760999999999,0.977975,54.376,26.076
2018-07-26 17:40:00,4.49308,0.790935,44.5376,31.7962
2018-07-26 17:50:00,5.32575,1.06291,70.2435,31.3053
2018-07-26 18:00:00,5.56903,0.739447,62.8183,23.5674
2018-07-26 18:10:00,5.62336999999999,0.702896,47.4976,27.2487
2018-07-26 18:20:00,5.96264,0.640510999999999,64.9684,22.5419
2018-07-26 18:30:00,5.40005,0.850684,58.1842,26.1553
2018-07-26 18:40:00,4.99079,1.00288,54.5495,31.7622
2018-07-26 18:50:00,5.03892,0.892508,60.0681,27.4009
2018-07-26 19:00:00,4.77209,0.784662,28.1651,18.4547
2018-07-26 19:10:00,4.47289,0.730325,24.2656,19.7536
2018-07-26 19:20:00,3.88335,0.664702999999999,15.337,14.6744
